tenant_id,tenant_name,tenant_email,tenant_phone,tenant_address,industry,location
T000,Fernandez-Hunter,chelsea14@example.org,804.985.4359,"409 Brandi Land
East Joseph, UT 40228",Utilities,Bogor
T001,"Arnold, Carlson and Lewis",victor70@example.net,383.974.6097x61721,"6592 Emily Mall Apt. 969
West Theresa, WA 01135",Tech,Cikarang
T002,Payne Inc,ysmith@example.org,656.383.5087,"3454 Emily Ridge Suite 825
Washingtonchester, SD 17261",Tech,Cikarang
T003,Miller-Cole,wellsstephanie@example.com,542-329-6156,"1744 Hale Curve Apt. 965
Medinabury, VI 66477",Manufacturing,Bandung
T004,Smith-Sampson,mcgeelaura@example.net,480-228-5299x1504,"0309 Carlos Ford
Davidmouth, MA 43466",Utilities,Surabaya
T005,Ramos and Sons,shari64@example.net,001-384-873-3875x342,"66114 Peterson Passage
West Anthony, OR 46481",Utilities,Cikarang
T006,Gregory-Faulkner,daniel85@example.net,(959)687-7776x711,"384 Baker Junctions Apt. 255
West Amandaburgh, OH 84189",Manufacturing,Bandung
T007,"Burke, Griffin and Clay",gpeterson@example.org,843.412.6925,"0281 Jones Turnpike Apt. 672
Lake Wanda, SC 29013",Tech,Bogor
T008,Maldonado Group,comptonmatthew@example.net,8057284454,"56916 Harmon Shoals
East Gregory, SD 71834",Manufacturing,Bogor
T009,Stone-Reed,jonesjill@example.org,(819)228-5286,"79538 Jaclyn Inlet Apt. 851
West Michellebury, CO 48146",Tech,Bogor
T010,Kim Group,amber68@example.org,001-627-772-4406x80198,"122 Joyce Drive
East Kyle, PR 03960",FMCG,Surabaya
T011,Freeman LLC,staylor@example.org,(836)505-8200x170,"117 White Oval Apt. 262
Powersshire, LA 38804",Utilities,Cikarang
T012,Russell-Williamson,jeremysims@example.com,(458)646-0106,"08572 Kelly Loaf
Victoriaburgh, MS 93131",Energy,Bogor
T013,Hall PLC,davidbaker@example.org,6572583831,"02006 Ryan Mews
Torresfurt, UT 41441",Manufacturing,Jakarta
T014,Jackson and Sons,jhensley@example.com,8476984334,"582 Jeffrey Vista Suite 920
Dylanport, ID 41376",Utilities,Jakarta
T015,"Frazier, Moore and Shields",caleb15@example.org,(686)910-0305x517,"43094 Gonzalez Port
East Theresa, PR 26475",Manufacturing,Cikarang
T016,Kim-Flores,harveydavid@example.com,280.756.8668x457,"995 Chris Isle
Briggston, NV 94165",Utilities,Surabaya
T017,Taylor PLC,elizabethrodriguez@example.org,930-843-9008,"Unit 4203 Box 8597
DPO AP 41062",Manufacturing,Surabaya
T018,Chandler-Perez,sueharmon@example.com,429.245.5719x085,"415 Gary Mountain
Lake Heather, WI 40605",FMCG,Bogor
T019,Edwards-Johnson,emays@example.net,(384)786-1936,"0675 Johnathan Ranch Suite 406
Michaeltown, IA 63444",Utilities,Surabaya
T020,"Lee, Craig and Armstrong",usharp@example.net,693.637.4236x055,"421 Matthew Ranch Apt. 960
Grahamville, WA 58850",Utilities,Bandung
T021,Mcdaniel-Taylor,ifisher@example.org,+1-857-526-3479,"USNV Underwood
FPO AA 08624",Energy,Cikarang
T022,Mora and Sons,jeffreymoreno@example.org,+1-614-595-9827x69550,"933 Grant Corners
Port Christine, AS 72671",Energy,Jakarta
T023,Duke-Walters,matthewhernandez@example.org,467.740.9907x35819,"1505 Schroeder Lights
Brittneyport, CT 47183",FMCG,Surabaya
T024,Davis Ltd,mark69@example.net,547-418-7578,"028 Anderson Isle
North Marymouth, MI 58149",Utilities,Cikarang
T025,Hood PLC,riverawhitney@example.net,+1-641-205-9460x92335,"255 Hill Route
North Kelseyhaven, MT 36254",FMCG,Bandung
T026,"Adams, Diaz and Long",jmoore@example.com,(321)276-2580,"531 Madeline Forest Apt. 645
Lake Christopher, AK 11027",Utilities,Bandung
T027,Ruiz PLC,jacksonmatthew@example.com,282.397.2827x0000,"766 Soto Mission
Matthewberg, OR 32635",Utilities,Bogor
T028,Caldwell Ltd,kristophershields@example.com,001-564-833-6806x71669,"818 Dixon Lane Apt. 021
Schneiderton, KS 70392",Energy,Surabaya
T029,Rodriguez-Sanders,heatherbird@example.com,(554)417-6547x8813,"29095 Yolanda Parkway
East Alanhaven, FM 63867",Energy,Cikarang
T030,"Singleton, Sullivan and Valdez",laura45@example.org,001-451-666-7785x8788,"88553 Mary Path Apt. 037
Youngport, IL 04240",FMCG,Cikarang
T031,Cox-Schneider,ysanchez@example.org,376-234-0033x90664,"2935 Butler Trace
New Jennifertown, HI 56536",Manufacturing,Bogor
T032,Pineda Inc,ashley07@example.net,700-746-7536x293,"251 Ray Green
Caldwellhaven, WV 84327",Manufacturing,Cikarang
T033,"Macdonald, Wilson and Robertson",scottthompson@example.net,375-456-1078x076,"2663 Richard Park
Julieburgh, FM 78853",Tech,Cikarang
T034,"Donovan, Gonzalez and Sanchez",kathy56@example.com,996-430-4867x6822,"Unit 9332 Box 7053
DPO AE 52984",Energy,Cikarang
T035,Garner PLC,dmullins@example.com,6714209416,"113 Maria Village Apt. 895
Port Alyssa, LA 06143",Energy,Bogor
T036,Morales Ltd,catherinematthews@example.net,5413362561,"66006 Barajas Trace
South Gregory, AK 60665",Manufacturing,Surabaya
T037,Nelson Ltd,kendrawilson@example.com,+1-694-337-0289x76551,"32082 Fry Shoals Apt. 407
North Anna, PA 47617",Utilities,Bandung
T038,"Browning, Robinson and Douglas",lintonya@example.org,361-709-5196x2890,"5553 Shawn Valley Apt. 567
Lake Amyberg, FL 96370",Utilities,Cikarang
T039,Sanchez Group,lopezjanet@example.net,867-961-2615x604,"96569 Mary Meadows Apt. 379
South Kaitlyn, MS 14956",Energy,Surabaya
T040,"Lee, Parker and Moore",zromero@example.org,+1-320-419-2240x38451,"626 Brian Ports
East John, PR 64914",Manufacturing,Surabaya
T041,"Stewart, Sanchez and Williams",newtonrobyn@example.org,(889)394-1179x79594,"7353 Angela Stravenue
East Misty, WY 83605",Utilities,Bandung
T042,Anthony and Sons,clayton43@example.org,8102179380,"00727 Erin Creek Apt. 517
Lake Heather, NY 62483",Energy,Bandung
T043,Larsen-Pena,matthewnguyen@example.org,+1-231-524-8423x961,"15762 Dale Mountain
New Brian, AK 81189",FMCG,Bandung
T044,"Gomez, Jones and Hawkins",mcleandavid@example.org,+1-823-462-3565x3042,"91680 Teresa Lake
Port Diana, LA 95634",Manufacturing,Bogor
T045,"Serrano, Collins and Swanson",lauradunn@example.net,(511)445-8778x625,"9978 Hunter Orchard Suite 486
West Karen, MS 37845",Tech,Jakarta
T046,"Smith, Johnson and Garza",peterskaren@example.com,+1-594-763-6596x69181,"56158 Cory Square Apt. 209
Port Diana, IL 85758",Energy,Bogor
T047,Perez and Sons,kfoster@example.com,615.453.5422,"159 Robert Crossing
Cookhaven, PR 24033",Manufacturing,Surabaya
T048,Vargas-Stephens,katherinehooper@example.net,4375766257,"145 Kenneth Square Apt. 825
North Debramouth, AZ 43300",Energy,Surabaya
T049,"Mendez, Brooks and Garcia",xholland@example.net,001-792-442-7472x7429,"3979 Gomez Plaza
Briantown, NY 90715",FMCG,Bogor
T050,Bright-Barker,jesusharper@example.com,332-696-9184x5160,"434 Morales Via Apt. 513
North Jacob, PW 59362",Manufacturing,Bogor
T051,Harrison LLC,kaitlyn25@example.net,672-507-3607x9796,"Unit 7422 Box 2666
DPO AA 91844",FMCG,Cikarang
T052,"Patton, Walker and Ortiz",georgeian@example.org,001-791-413-9135x7652,"15196 Phillips Ranch
Melissamouth, MH 89083",FMCG,Surabaya
T053,Thomas-Odom,cwallace@example.net,+1-699-874-0176x7233,"04356 Joan Station Apt. 634
South Mollyton, PW 76617",Tech,Cikarang
T054,Navarro PLC,chris72@example.net,377.608.5334x7082,"987 Pham Vista
Vargasville, NE 35107",Utilities,Cikarang
T055,Graves-Bates,valenciadominique@example.net,001-662-684-6524x3857,"878 Barrett Turnpike Suite 468
Powellfort, MS 80984",Manufacturing,Bandung
T056,Lane-Whitehead,martincarla@example.net,581-667-7956,"19795 Davis Ramp Apt. 120
East Michael, OK 67595",Manufacturing,Jakarta
T057,Potts-Martinez,jessicajohnson@example.org,580.249.2938,"89763 Odonnell Row Suite 752
Bullockfurt, CO 31475",FMCG,Surabaya
T058,Taylor-James,matthew71@example.org,665-338-2005,"Unit 4166 Box 7346
DPO AA 20787",Tech,Surabaya
T059,Lewis-Jefferson,thomaskelley@example.net,(392)955-1848x815,"45339 Sharp Green Apt. 956
Stephanietown, IN 59742",Utilities,Surabaya
T060,Shah-Wilson,kelly02@example.org,+1-531-285-8035x265,"457 Sabrina Squares
Laurenside, HI 35264",Utilities,Jakarta
T061,Barrett LLC,maryhancock@example.org,510-304-0181x898,"6835 Carr Haven Apt. 379
Bradleyville, MN 22837",FMCG,Jakarta
T062,Cline PLC,zwalters@example.net,001-852-308-5232x80528,"6361 Sullivan Ramp Suite 265
West Kristyhaven, OR 61712",Tech,Bandung
T063,Chan-Alexander,kristenshaw@example.org,994-242-9631x640,"95034 Martin River
South Garytown, DE 92754",Energy,Jakarta
T064,"Oconnell, Obrien and Howell",carlastevens@example.com,001-215-550-1004x607,"36716 Kemp Avenue Suite 596
East Stephanie, AZ 94136",Tech,Bogor
T065,"Walters, Perkins and Duffy",xross@example.com,666-942-7496x6463,"4010 Jamie Land
South Gloriaport, AZ 50224",Utilities,Jakarta
T066,Stewart-Harrison,dperry@example.net,527-773-0667,"466 Alejandra Run Suite 122
Sarahland, NM 58860",Energy,Bogor
T067,Barnett and Sons,jill55@example.com,789-739-5998,"07396 Jeffrey Hills Suite 849
Port Richard, TX 66176",FMCG,Bandung
T068,Brown PLC,gonzalesthomas@example.com,(691)236-3668,"58782 Martin Rapids Suite 039
Ritterland, PR 22852",Utilities,Bandung
T069,"Johnson, Cruz and Petersen",xwarren@example.net,+1-456-838-1246x21604,"304 Gibson Villages
Johnsonbury, TN 83004",Tech,Bandung
T070,"Davis, Rodriguez and Martinez",catherine50@example.org,(300)501-8584x932,"23391 Dickson Ville
South Jose, HI 65034",FMCG,Surabaya
T071,Schmidt-Tucker,cjohnson@example.net,(449)804-2906x8400,"9484 Victor Fort Suite 187
Susanmouth, NM 17969",Utilities,Cikarang
T072,Contreras-Booker,gnelson@example.net,977.478.1785x6928,"47253 Kelly Orchard
North Jon, CA 42168",Tech,Jakarta
T073,Ward-Bridges,rebecca57@example.com,8833609785,"5100 Hernandez Place Apt. 700
Lake Josephmouth, IN 65886",FMCG,Jakarta
T074,Harrison-Young,ebarker@example.net,(235)557-4168x52832,"261 Villarreal Loop Apt. 197
Lake Tammy, IA 37956",Manufacturing,Bandung
T075,"Odonnell, Henry and Hall",johnnichols@example.com,+1-251-868-9119x21197,"754 Abigail Camp
Smithview, CO 36307",Energy,Cikarang
T076,"Fletcher, Black and Christian",timothy20@example.org,001-960-927-3889,"173 Ramos Avenue Suite 474
Edwardston, VT 97009",Manufacturing,Cikarang
T077,"Berry, Crosby and Daniel",sarah77@example.net,553-229-3558,"4421 Christensen Key Suite 159
Garciashire, NE 22298",Energy,Surabaya
T078,"Brown, Sullivan and Miller",twilliams@example.com,677-455-7906x333,"5190 Christopher Viaduct Suite 341
Joelland, IL 62159",Utilities,Bandung
T079,"Reynolds, Larsen and Wilson",larrychang@example.org,(590)930-9457x5692,"927 Marissa Points
New Josephmouth, PA 41037",Manufacturing,Bandung
T080,Brooks-Morgan,kelleywilliam@example.com,001-844-420-6134x3841,"22703 Barbara Ports Suite 572
Pennybury, DC 44690",Manufacturing,Surabaya
T081,Horn and Sons,mccoyjennifer@example.com,(452)262-1444,"68441 Kathy Dale
North Jonathan, TX 79962",FMCG,Bogor
T082,Wolfe Group,matthew34@example.com,(448)819-5272x60846,"25682 Jones Groves
Josephport, MA 25505",Tech,Surabaya
T083,Stephenson-Thomas,michelle17@example.com,995-974-3101x18096,"USNS Roberts
FPO AP 01837",Utilities,Jakarta
T084,King PLC,denise12@example.net,+1-579-237-3341x399,"39071 Curtis Fords Apt. 923
Jeffreyshire, NM 42798",Utilities,Cikarang
T085,"Schneider, Gross and Gilbert",mcguiretamara@example.net,7589887532,"251 Karen Underpass Apt. 702
South Danaside, UT 30842",Manufacturing,Bogor
T086,"Harper, House and George",michaelholmes@example.net,+1-486-246-1510x9212,"550 Martin Skyway Suite 448
Scotthaven, NH 66238",Energy,Jakarta
T087,Glover-Hunter,amber92@example.com,(714)338-0916,"81461 Thompson Isle Apt. 650
Spencerburgh, MP 83965",Energy,Jakarta
T088,"Schultz, Elliott and Copeland",weaverdaniel@example.org,001-323-493-6935,"911 Michael Mountain
Lake Michael, TX 35288",Tech,Bogor
T089,Johnson and Sons,tinaherrera@example.net,(335)358-7306x1972,"36109 George Forges Apt. 400
Bakerburgh, AS 27827",Utilities,Bogor
T090,Price-Henry,laurie20@example.com,466.618.7594x56366,"89469 Mario Locks Apt. 893
West Stacy, OH 86430",Manufacturing,Surabaya
T091,Johnston-Lee,emma93@example.org,+1-225-444-0286x20378,"8555 Anthony Mill Apt. 255
Chasechester, AZ 45872",FMCG,Cikarang
T092,Bell-Newman,megan39@example.net,001-860-807-4949x16339,"0975 Foster Neck
Brandiview, ID 99308",Energy,Jakarta
T093,Garcia-Stark,franklinjason@example.org,246.407.6995x9081,"51210 Jimenez Camp
New Sarah, NC 42518",Energy,Jakarta
T094,Long-Wright,tanneranthony@example.org,+1-256-625-2692x1948,"2648 Paul Causeway Apt. 434
Lake John, IN 54051",Utilities,Surabaya
T095,"Melendez, Simmons and Schmidt",jason66@example.org,430-828-2282,"9347 Lee Mews Apt. 260
South Natalie, LA 83707",Tech,Surabaya
T096,Young LLC,heather67@example.com,268-488-7996,"46324 Reynolds Green
Andrewtown, MA 68429",Energy,Bogor
T097,Chen LLC,jenniferdominguez@example.org,324.452.1750x06087,"59878 Stephanie Well
Port Amberchester, AK 38258",FMCG,Bandung
T098,Hall-Lynn,mark07@example.com,210-725-3396x41452,"97302 Ray Villages Suite 242
Haleystad, VT 57093",Tech,Cikarang
T099,"Campos, Blake and Lewis",xwood@example.com,+1-299-521-8459x78390,"0748 Lisa Overpass Suite 375
West Charlesberg, MT 92037",Manufacturing,Bogor
T100,Maldonado-Howard,jonathanmiller@example.org,001-690-273-1450x4423,"578 Johnson Pine Suite 541
Amberland, TX 86322",Manufacturing,Jakarta
T101,Jimenez Ltd,tthompson@example.org,+1-453-966-5159x242,"245 Arthur Shore
South Nathanielfort, FL 74792",FMCG,Bandung
T102,Johnson and Sons,imoody@example.com,+1-510-432-3753x628,"41968 Steven Inlet Suite 744
West Christopherstad, IA 38942",Utilities,Cikarang
T103,"Grimes, Smith and Estes",dennis60@example.net,621-255-9607,"031 Cantu Village
Paynefort, MI 66682",Utilities,Jakarta
T104,"Jackson, Harris and Moody",brittneyrobinson@example.net,483-637-0829x732,"160 Stephen Street
North Carlosfurt, AL 29594",Energy,Jakarta
T105,Brock LLC,ray27@example.com,+1-352-604-7700x6690,"992 Albert Pass Apt. 836
West Mary, FL 91084",Utilities,Surabaya
T106,"Carter, Williams and Valencia",joshua28@example.net,7386174351,"3293 James Isle
West Adrienne, GU 80977",FMCG,Bogor
T107,"King, Perry and Farrell",sandra44@example.org,275.582.8888x4081,"4635 Mitchell Prairie Apt. 900
Kimberlyfort, NC 55964",Manufacturing,Surabaya
T108,"Ward, Edwards and Reyes",sawyermichele@example.org,001-957-316-2514x283,"05439 Small Tunnel
Markville, KS 33587",Energy,Jakarta
T109,Patterson Inc,whitneymullins@example.net,(824)215-6051x1687,"71147 Alvarez Plains Suite 803
East Samanthashire, KY 89766",Manufacturing,Jakarta
T110,Fox Inc,matthew30@example.com,001-255-977-7652x00602,"1580 King Ridge
Port Lauren, SC 95806",FMCG,Cikarang
T111,"Cobb, Haynes and Sandoval",jilliannewton@example.org,+1-669-397-1565x21157,"04619 Moreno Cliff
Port Reginaldport, OK 40944",Energy,Cikarang
T112,Howard-Nunez,michaelodonnell@example.org,+1-735-232-2616x54150,"70267 Bates Square
Mckinneyfort, MH 11911",Utilities,Bandung
T113,Mata-Turner,michael91@example.net,629.379.5418,"1700 Smith Club
East Tammie, ME 55639",Utilities,Cikarang
T114,Ramsey-Villa,djordan@example.com,842-672-4215x1057,"28425 Steele Road
Marymouth, WA 65892",FMCG,Surabaya
T115,Brown Ltd,jennifer47@example.org,+1-484-228-5984x193,"273 Catherine Brooks
Hernandezshire, SD 72928",Manufacturing,Cikarang
T116,Cooper-Ashley,brownsarah@example.org,9903386861,"USS Elliott
FPO AA 04430",Tech,Cikarang
T117,Rodriguez-James,ingrambrittany@example.com,598-933-1850,"919 Jacob Ridge
Sylviaton, MS 26854",FMCG,Cikarang
T118,Preston-Bauer,hfrey@example.org,245-340-5258x09403,"378 Jeremiah Oval
Byrdfurt, AR 68244",Utilities,Cikarang
T119,"Mitchell, Williams and Davis",dennisperez@example.org,9522816638,"5517 Fischer Track
Emilyview, SD 20557",Utilities,Surabaya
T120,"Murphy, Taylor and Ramirez",ynoble@example.org,(345)753-9275x5070,"493 Diane Brook Apt. 169
West Philipport, MD 98261",Utilities,Bogor
T121,"Gonzales, Alvarez and Griffin",amandamoore@example.net,+1-626-403-4184,"526 Maurice Plaza Apt. 694
Elizabethshire, CT 49237",Utilities,Surabaya
T122,Porter-Blake,dwarren@example.org,001-398-370-2814,"86816 Gerald Parkway
Ericmouth, MP 48533",Energy,Cikarang
T123,Oliver LLC,conwaycandace@example.com,565-913-5667x50355,"424 Anthony Cape Suite 873
Armstrongborough, CO 46329",FMCG,Surabaya
T124,Lewis PLC,jasontrujillo@example.net,+1-998-601-6793x595,"21800 Chelsea Harbor
Port Melissa, CO 70406",Tech,Cikarang
T125,Wright-Cruz,xavier84@example.net,374.573.3623,"00706 Thompson Lodge
Larsonport, HI 49822",Energy,Bandung
T126,Gibson-Le,acampbell@example.org,(732)238-6489x0469,"9048 Ryan Ridges Suite 752
Port Kristin, PW 90978",Manufacturing,Bogor
T127,Mason Ltd,sophiaray@example.net,719.501.3466x604,"82283 Steven Pine Suite 781
East Jimville, VA 52057",FMCG,Bogor
T128,White PLC,fsimmons@example.com,(234)259-2638,"0176 Schmidt Circles Apt. 576
Lake Jasmin, MD 79313",Manufacturing,Cikarang
T129,"Smith, Harris and Ellis",zwest@example.org,3598068308,"20565 Hunter Groves
Lake Autumn, OR 02188",Tech,Cikarang
T130,Cruz and Sons,kathy17@example.net,(217)489-6526x824,"34816 Ross Alley Suite 964
South Jonathanstad, CA 42047",Manufacturing,Bandung
T131,"Wilson, Chapman and Harris",fbryan@example.net,(642)899-6006,"335 Christopher Place
Emilyfort, MH 26665",Energy,Bogor
T132,"Smith, Davis and Lewis",zsweeney@example.org,(338)590-9377,"9200 Erika Plains Suite 631
Masonside, NC 87006",Tech,Jakarta
T133,Green-Kelly,michaelphillips@example.com,001-929-689-9760x5512,"31428 Walter Turnpike Apt. 988
Lake Blakebury, GA 85575",Utilities,Bandung
T134,Silva-Lewis,ericgutierrez@example.net,330.801.5030,"6561 Misty Locks
West Paulburgh, LA 69138",FMCG,Surabaya
T135,Smith LLC,michaelwood@example.org,416-392-3664,"30636 Bauer Stravenue
Lake Erica, GU 12232",Tech,Jakarta
T136,Ray Group,scottmoore@example.org,+1-605-892-9146x75644,"98501 Kelly Mission
Rossside, IA 83366",FMCG,Bandung
T137,Cox-Ayers,katherinebowers@example.com,339-759-6485x1891,"190 Christina Falls Suite 853
South Amandachester, AK 42465",Manufacturing,Bandung
T138,"Rivas, Brown and Mitchell",cherylcarter@example.org,200-233-9063,"22869 Angie Crossing Apt. 268
South Johnport, WA 81609",FMCG,Surabaya
T139,"Myers, Webb and Harris",thompsonerika@example.org,(706)472-6955x0091,"561 Ashley Burg
Christinestad, DE 67494",Energy,Bandung
T140,Cunningham PLC,klinestephanie@example.com,695-433-8109x32151,"3914 Scott Via Apt. 867
West Whitney, AL 31166",Tech,Bandung
T141,Goodman LLC,bentonstephanie@example.net,(962)219-5361,"6943 Rachel Pines
Derrickview, WI 15437",Manufacturing,Jakarta
T142,Smith-Garcia,martinrobert@example.net,001-851-395-6450x2714,"21034 Robert Motorway Suite 373
New Jenna, AR 72514",FMCG,Cikarang
T143,Cruz Group,amandacortez@example.net,868-248-5232,"PSC 2342, Box 8977
APO AE 49578",Manufacturing,Surabaya
T144,Medina-Williams,jeffery27@example.org,(871)710-7621x10368,"414 Timothy Garden Apt. 109
Johnsonfort, GU 39208",FMCG,Bogor
T145,"Townsend, Klein and Adams",gprice@example.net,+1-696-725-8012x971,"969 Lori Walk Suite 592
Millerbury, CT 29340",Tech,Jakarta
T146,"Jones, Williams and Thompson",gwendolyn00@example.org,+1-532-921-0363x78783,"0629 Alexandria Meadow
New Brittanyborough, PW 76216",FMCG,Surabaya
T147,Fischer-Miller,bradleysmith@example.org,7527507064,"145 Erin Extension Apt. 474
Valeriemouth, CA 38802",FMCG,Bogor
T148,Meyer LLC,andrewrobinson@example.org,405.788.3338x4561,"719 Charles Mission
Alvaradohaven, NY 68429",Energy,Bogor
T149,Cook-Smith,azhang@example.com,827-310-9771x11496,"USCGC Moon
FPO AA 68497",Manufacturing,Cikarang
T150,"Mcknight, Tran and Thompson",pestrada@example.com,001-601-765-7358x4732,"PSC 3150, Box 8613
APO AP 91307",FMCG,Bogor
T151,Jones LLC,gregoryfloyd@example.net,001-505-390-4872,"96561 Tiffany Row Apt. 237
West Michael, PR 79369",Tech,Bogor
T152,"Martinez, Jones and Torres",mccallcheryl@example.net,+1-258-430-8873x064,"USS Robinson
FPO AE 86854",Manufacturing,Surabaya
T153,"Williams, Edwards and Ibarra",wattskimberly@example.com,(811)665-7817,"9516 Vaughn Road
Port Danielside, DC 89710",FMCG,Cikarang
T154,"Myers, Baldwin and Guerrero",moconnor@example.org,7995657602,"3547 Judith Mall Suite 065
Benjamintown, LA 05892",Utilities,Bandung
T155,"Garrett, Burgess and Morgan",gregoryspencer@example.com,284-520-8628x3519,"5495 Marcia Park Apt. 220
Anthonystad, NY 86797",Tech,Jakarta
T156,Harris and Sons,hoganjustin@example.com,001-894-351-6001x4245,"6044 Miller Ports Suite 288
Edwardston, MA 02637",Tech,Surabaya
T157,Newman-Carroll,jameschristensen@example.net,(716)475-0076,"1394 Banks Mountains Apt. 177
Amberfurt, CO 77518",Utilities,Bandung
T158,"Howell, Rodriguez and Bradford",rebecca74@example.com,887-649-7178x40675,"000 Molly Canyon
New Jeremy, PW 40586",Utilities,Bandung
T159,"Jones, Phillips and Gardner",lhaynes@example.com,+1-584-649-6532x4513,"237 Howard Knolls
Christianchester, WA 50166",Utilities,Bogor
T160,Lynch Inc,vthompson@example.com,2498936203,"4025 Sarah Drives Apt. 072
Patriciastad, ID 06174",FMCG,Jakarta
T161,Hernandez-Thompson,michael95@example.com,+1-706-833-5059x9722,"76470 Kelli Roads
South Johnchester, VT 41692",FMCG,Cikarang
T162,Allen Ltd,theresa61@example.net,001-575-312-5124x7818,"21176 Deborah Cliff
Doyletown, PR 70707",Energy,Bogor
T163,"Salinas, Sims and Stone",halvarado@example.org,558-873-4131,"1589 Patricia Freeway
New Julieville, MP 22333",Utilities,Bogor
T164,Wise-Jennings,jennifer69@example.net,001-975-734-8738x1495,"663 Hernandez Garden
South Frankfurt, VT 15153",Utilities,Cikarang
T165,"Nunez, Davis and Finley",robertcruz@example.org,2043781050,"1082 Steven Hill
Lake Vincentmouth, AL 48617",FMCG,Jakarta
T166,Stanley PLC,williamsshannon@example.org,+1-318-907-8362x6453,"37185 Harrison Expressway Apt. 653
Howardborough, KY 69711",FMCG,Bandung
T167,Garcia Group,stevensjeffrey@example.org,(906)433-3164,"381 Fernandez Streets Apt. 573
Vincenthaven, CO 08490",FMCG,Cikarang
T168,Marshall PLC,katherineestrada@example.net,(985)547-9824,"Unit 3543 Box 2126
DPO AA 05041",Energy,Jakarta
T169,Velazquez-Owen,brandonbuckley@example.com,+1-254-207-1254x4740,"709 Williams Unions
North Jacksonchester, WV 29930",Tech,Bogor
T170,Small-Henderson,hallmark@example.net,+1-715-692-5758x235,"057 Heidi Hills
Chelseabury, OR 87348",FMCG,Bogor
T171,Huff Inc,ywagner@example.com,(870)734-4489,"3097 Bradshaw Circle
Simmonsstad, MP 46017",FMCG,Surabaya
T172,Anderson-Kline,kcoleman@example.net,001-717-235-5291x401,"7605 Moore Drive
East John, MN 35616",Manufacturing,Jakarta
T173,Montes Group,armstronglaura@example.org,+1-879-890-1088,"370 Burns Estates
Port Jasonfort, TX 20839",FMCG,Cikarang
T174,Page-Allen,fespinoza@example.net,+1-875-735-9232x361,"0077 Jason Wall Suite 724
Paulbury, RI 93501",Manufacturing,Surabaya
T175,Lowe-Ortiz,tyler58@example.net,001-432-679-5493x3006,"540 Jason Ports
Markfort, DC 45178",Energy,Surabaya
T176,"Williams, Barnes and Guerrero",robertsonjennifer@example.net,+1-209-615-2111x682,"5049 Nelson Station Apt. 638
Palmerbury, MN 46874",Tech,Jakarta
T177,Craig-Morris,coxdavid@example.org,6996253069,"643 Thomas Wall Suite 514
West Maryville, CA 79794",Energy,Bogor
T178,"Clark, Morton and Ramsey",burnspamela@example.org,528-884-4530,"11630 Ashley Curve
North Royburgh, AK 30908",FMCG,Surabaya
T179,Johnson and Sons,kyletaylor@example.org,+1-321-519-1928x0868,"57381 Calhoun Loaf
West Katherine, PW 91462",Manufacturing,Bogor
T180,"Hubbard, Young and Cortez",jason38@example.com,(873)920-9446x99107,"6227 Paul Route Apt. 110
North Dean, OK 67013",Manufacturing,Cikarang
T181,Schultz Group,vgibson@example.net,+1-636-721-4258x96738,"57078 William Walks Apt. 344
Lake Christine, VT 46109",Utilities,Cikarang
T182,Bauer-Everett,ellismelissa@example.org,(669)933-3639,"81581 Combs Freeway Suite 399
South Elizabethmouth, SC 11037",Tech,Cikarang
T183,Thomas-Wilson,moconnor@example.net,5297734530,"79842 Krueger Trace
Krystalhaven, AR 67026",FMCG,Surabaya
T184,Stephens LLC,natalie77@example.com,240.335.0473x69684,"83777 Tran Extension
Mcclurefurt, PA 78628",Utilities,Bogor
T185,Swanson-Gutierrez,joel74@example.org,723.824.3299,"78654 Jones Villages
Port Joseph, CT 57406",Manufacturing,Cikarang
T186,"Galloway, Jackson and Strickland",charlespowell@example.net,(535)758-2842x950,"6090 Christian Glens Apt. 302
Garciaberg, AL 36886",Manufacturing,Cikarang
T187,"Fields, Patel and Santiago",dorothy67@example.com,929.407.1144,"780 Warren Inlet Apt. 551
Lake Richardview, LA 43372",Manufacturing,Bogor
T188,Sims-Flores,michaellucas@example.net,(614)292-6032x3856,"PSC 8894, Box 1529
APO AE 72519",FMCG,Jakarta
T189,Lewis-Mccarty,harringtondanielle@example.org,+1-211-576-1028x7396,"2089 William Plains Suite 566
Katherinechester, OK 54390",Tech,Jakarta
T190,Munoz-Ward,osanchez@example.com,451-473-0700,"Unit 2492 Box 1343
DPO AE 36628",Tech,Bogor
T191,Maynard-Hudson,bill10@example.net,753-727-2404x604,"314 Ashley Passage
Lake Danielleside, ID 28349",Manufacturing,Cikarang
T192,"Mcmahon, Cole and Morgan",daniel16@example.net,722.814.8502x67178,"467 Perkins Station Apt. 899
Lake William, MA 18746",Tech,Surabaya
T193,Kelly Ltd,mcdowellkenneth@example.net,(723)854-4573x8579,"9221 Teresa Club Apt. 195
Port Lisastad, TN 48114",Manufacturing,Bandung
T194,King-Fuentes,iwashington@example.com,958-967-5245,"968 Mcconnell Vista
Garciaside, MD 39591",Manufacturing,Bandung
T195,"Smith, Guzman and Murphy",chasesandoval@example.net,(575)625-8070,"118 Nelson Ramp Suite 342
Stephenchester, LA 33322",Energy,Jakarta
T196,Mooney-Smith,wholt@example.net,(638)363-0589,"USCGC Johnson
FPO AE 34998",Utilities,Surabaya
T197,Heath Group,jacksonamy@example.com,(908)596-5330,"88467 Tracy Avenue
Vazquezview, SC 14646",Utilities,Bogor
T198,Anderson-Bautista,juliejefferson@example.org,001-607-778-6292x0079,"USCGC Lindsey
FPO AA 71621",Manufacturing,Cikarang
T199,Wallace-Spears,jonesronald@example.com,589.785.6994,"369 James Common Suite 741
Wendyberg, TN 60419",Tech,Jakarta
T200,Gould-Hamilton,desiree29@example.net,873-741-0423x90619,"USCGC Shaw
FPO AA 04223",Utilities,Cikarang
T201,"Long, Martinez and Harper",christine91@example.org,319.685.9932x2618,"4297 Lewis Turnpike Suite 998
West Manuelside, VI 00694",Manufacturing,Jakarta
T202,"Murray, Coleman and Kent",daniellepierce@example.org,001-445-766-9118x39640,"99617 Richard Corner
Port Gary, GA 65441",Energy,Cikarang
T203,"Bailey, King and Harmon",stephanie22@example.com,2996332120,"93224 Scott Ways
Walshchester, MI 16478",Manufacturing,Surabaya
T204,Ruiz-Foster,lauren05@example.org,628.881.0055x45178,"7902 Johnson Point Apt. 082
Michaelmouth, NM 43479",Manufacturing,Bogor
T205,Rodriguez and Sons,bruceodonnell@example.org,505-843-2100,"79320 Heather Brooks
Mosesville, SC 47584",Manufacturing,Bandung
T206,"Harris, Skinner and Chan",butlerdavid@example.net,335.298.9925x71285,"1850 Frazier River Suite 294
Lambertland, ID 00526",FMCG,Bogor
T207,"Thompson, Young and Phillips",angelastephens@example.com,929.688.1638x74557,"141 Robinson Fords Suite 048
Chavezland, AR 64043",Manufacturing,Jakarta
T208,Hinton-Blankenship,tranamanda@example.net,763-405-3787,"Unit 7500 Box 2602
DPO AE 43839",Manufacturing,Cikarang
T209,Castillo-Gray,bmartinez@example.org,+1-822-915-1216,"400 Michele Station Suite 072
West Kelly, IN 98301",Energy,Bandung
T210,Vargas Ltd,kochian@example.com,(508)574-6335,"41790 Mathews Parkways Apt. 584
Tonyaland, PR 40228",Energy,Bandung
T211,Lambert-Conrad,gbrown@example.net,353-276-0996x084,"294 Joy Roads
Sarashire, RI 11683",Tech,Surabaya
T212,"Anderson, Allen and Mullen",zacharybrown@example.com,932-701-9675,"149 Young Passage
East Michael, MH 37576",Manufacturing,Bandung
T213,"Eaton, Owen and Watson",lauracopeland@example.com,299.708.4956,"Unit 5005 Box 2083
DPO AP 64292",Manufacturing,Jakarta
T214,"Bright, Dickerson and Medina",calebwatkins@example.net,+1-282-312-8191x61080,"36312 Jeremy Walks Apt. 298
West Danielfort, AZ 24466",Tech,Jakarta
T215,Torres-Bowen,gordonkatelyn@example.com,632-262-6501,"Unit 6143 Box 6775
DPO AE 03086",FMCG,Cikarang
T216,Wood-Burns,qhowell@example.net,001-654-347-1219,"2066 Allen Street
Dominiquemouth, RI 11651",Manufacturing,Cikarang
T217,Burns-Goodwin,brandy47@example.com,+1-753-351-5222x966,"1474 Steven Rapids
West Andrewland, VA 22171",Energy,Jakarta
T218,"Gonzalez, Hill and Stein",graypatrick@example.org,867-337-7024,"8040 Villanueva Plaza
West Jennifershire, MD 04963",Energy,Bandung
T219,Byrd and Sons,john74@example.org,001-700-319-8752,"111 Ortega Turnpike
Escobarfurt, MH 04753",Energy,Surabaya
T220,"Johnson, Davis and Brown",laurawoods@example.com,+1-779-770-0869x24937,"316 Brandt Fort
Jessicashire, OH 90506",Energy,Surabaya
T221,Hogan-Stewart,cynthia62@example.org,+1-289-235-9014,"USNV Walker
FPO AE 60510",Energy,Bandung
T222,"Porter, Coleman and Wright",michelle52@example.net,344.659.7916x35444,"98323 Stewart Field Suite 203
Beasleyport, MN 68219",Energy,Surabaya
T223,Martinez LLC,autumn68@example.com,001-445-762-8980x85781,"63524 Harper Branch
East Ashleyfurt, AS 26943",Utilities,Jakarta
T224,"Mann, Medina and Clay",tamara95@example.net,482-645-7249,"497 Mata Mountain
Tracyfort, MN 26774",Utilities,Cikarang
T225,Mejia-Jones,anichols@example.com,341.513.0181,"262 Taylor Gardens Suite 860
Brownland, MH 21852",Tech,Bandung
T226,"Houston, Sutton and Graves",drakebeverly@example.net,732.727.9113,"4789 Brianna Throughway Apt. 339
Ruizfort, VT 96331",Manufacturing,Bandung
T227,Russell Inc,masonmatthew@example.com,+1-919-639-4852x3756,"9816 Simpson Dam Apt. 869
Lesliemouth, WV 41072",Manufacturing,Surabaya
T228,"Callahan, Martinez and Harris",justin83@example.net,001-638-539-5668x597,"15064 Todd Mission
Bradleyhaven, NM 61818",Tech,Surabaya
T229,Cain-Hughes,santoscharles@example.org,(709)242-3009x018,"22224 Weaver Rapids
Richardborough, VI 74879",Energy,Surabaya
T230,"Rose, Smith and Sanders",fdonovan@example.net,487.861.2114x865,"68231 Kent Coves Apt. 872
Johnfort, MH 91861",Energy,Surabaya
T231,Gutierrez Inc,cassandra38@example.net,001-581-811-5543x4269,"83816 Angela Trail Suite 885
Hughesborough, AR 82882",Energy,Surabaya
T232,Blevins Group,karen61@example.com,001-583-278-7916,"2384 Patricia Hill
Cynthiastad, VA 69710",Tech,Cikarang
T233,Washington LLC,zpierce@example.org,(565)311-0314x17336,"40626 Williams Groves
North Gabriellaberg, SC 29998",FMCG,Cikarang
T234,Morales-Oliver,hopamela@example.org,794-752-9005x331,"452 Bass Meadows Apt. 839
Lake Matthewberg, AK 68307",Utilities,Bandung
T235,Alvarado-Campbell,christopherstevens@example.org,360-931-1627,"79105 Gentry Station Apt. 512
Hayesmouth, CA 04085",Manufacturing,Cikarang
T236,"Torres, Holt and Villanueva",markruiz@example.com,001-984-659-1907x991,"648 Martin Harbor Apt. 845
North Kimberly, LA 86481",Manufacturing,Cikarang
T237,"Taylor, Williams and Russell",huffmanabigail@example.org,734.428.1710,"5095 Heather Mission Suite 649
Sawyerville, IA 98756",Tech,Bogor
T238,Hill PLC,julialucas@example.com,390-810-1178,"48714 Megan Square Apt. 462
North Nicholaschester, NJ 97785",Energy,Bogor
T239,Hopkins PLC,ecarpenter@example.net,(544)858-7217x78184,"USS Bush
FPO AP 00905",Utilities,Bandung
T240,"Smith, Williams and Wilson",choward@example.com,(921)853-4899x74643,"8066 Reed Passage Apt. 179
Natalieville, MH 72429",Tech,Bandung
T241,Burns-Riley,gmurphy@example.com,(881)743-5201,"Unit 6829 Box 0792
DPO AE 37606",Manufacturing,Jakarta
T242,Sandoval and Sons,joewhite@example.org,360.540.4281x20955,"50274 Dustin Wall
Moniquemouth, MH 33538",FMCG,Surabaya
T243,Morgan-Duffy,kpage@example.org,+1-552-515-3896x1211,"171 Jesse Isle Apt. 447
Wellsborough, NJ 61076",Tech,Bogor
T244,Lewis-Marshall,elliottamanda@example.org,(912)209-8615,"10092 Matthew Well Apt. 911
Lake Samanthamouth, AS 81538",FMCG,Bandung
T245,Moore LLC,dennis57@example.com,3696218711,"64192 Daniel Trafficway Suite 464
Julianland, MD 85137",Manufacturing,Bogor
T246,Romero-Williams,fhughes@example.com,283.481.2190x5726,"68445 Bianca Extensions Suite 626
East Williamport, MH 85247",Tech,Jakarta
T247,Combs LLC,morrismichelle@example.com,708.475.4522x614,"414 Johnston Spring
Powellville, GA 32423",FMCG,Bandung
T248,Bennett-Singh,turnersharon@example.com,629.841.5984x96379,"922 Anthony Mews Apt. 938
New Deborahview, NM 47741",FMCG,Bandung
T249,Dixon LLC,ashley11@example.com,+1-547-697-4798x95409,"4220 Gordon Parks
West Joyce, KY 15914",FMCG,Jakarta
T250,Mcknight LLC,elizabethsnow@example.org,001-221-879-4725x392,"4904 Mitchell Ramp Suite 026
Jasonfurt, VI 52766",Energy,Cikarang
T251,David LLC,michael98@example.com,+1-679-241-6515x580,"780 Booth Lodge
Aaronview, OK 45156",Utilities,Bandung
T252,"Hodges, Martinez and Green",kimberly53@example.net,668-644-9117x79011,"16228 Cheryl Row Suite 145
Robertberg, DE 15101",Utilities,Bogor
T253,"Melton, Fernandez and Compton",lisa23@example.org,491.495.9592,"0401 Katherine Burg
Hillville, NV 02545",FMCG,Bogor
T254,Fisher-White,maddoxjonathon@example.net,670-458-1361x69261,"0900 Fox Knoll Suite 417
Port Anthonystad, OR 61822",FMCG,Surabaya
T255,Gonzalez-White,ejohnson@example.com,631.362.5332x2754,"69193 Suzanne Road
Port Pamela, NY 06248",Tech,Bandung
T256,Ramirez-Estrada,molsen@example.net,8203842238,"Unit 5706 Box 4644
DPO AP 73333",Energy,Cikarang
T257,"West, Brown and Carroll",joseph12@example.org,(748)998-2067,"1529 Huang Common Suite 999
West Michaeltown, MO 90289",Tech,Bandung
T258,Smith-Weaver,fknox@example.net,+1-237-621-0106x56149,"5642 Mitchell Unions
Port Courtney, DC 66022",Tech,Bandung
T259,Brown-Schmidt,isabellacooper@example.org,001-201-494-0798,"2696 Vargas View
Port John, KS 28546",Energy,Surabaya
T260,"Hernandez, Smith and Alexander",justingreen@example.com,595-266-0386x72050,"27859 Krueger Crossroad Apt. 949
Thompsonfort, UT 89437",Energy,Cikarang
T261,Henderson and Sons,richard02@example.com,+1-705-419-9179x512,"07522 Andrea Mission
Collinschester, VT 95888",Utilities,Jakarta
T262,Hughes-Hodges,browningsandra@example.org,001-767-706-3905x962,"2413 Smith Isle
West Briannaside, WV 45825",Utilities,Surabaya
T263,Arnold-Haynes,gregory14@example.com,(669)989-9875,"17842 Yolanda Burgs
Johnsonbury, SD 47013",Tech,Bogor
T264,Parks-Conley,alexa42@example.net,(905)464-0804x9203,"53573 Donna Junctions Suite 062
Lake Jennifer, VA 35841",Tech,Bogor
T265,Harris-Duffy,melinda95@example.com,+1-422-266-2924,"4317 Mcdowell Hollow Apt. 043
New Cynthia, WV 58185",Tech,Bogor
T266,"Roth, White and Callahan",mcurtis@example.org,5302582939,"569 Kelsey Parkway
West Sarahmouth, WY 11824",Utilities,Jakarta
T267,Owens-Montes,allison45@example.com,(784)377-9052,"03839 Wilson Stream
Lake Heathermouth, VI 07010",Utilities,Jakarta
T268,Garcia-Cooper,paul29@example.org,9317199937,"57375 Christopher Cliff Apt. 884
Port Josephbury, CA 55513",Utilities,Bogor
T269,Monroe-Sandoval,sray@example.org,707.365.5896,"28114 Cervantes Squares Apt. 832
Meyerfurt, VA 42115",Tech,Bandung
T270,Moody Group,hicksjillian@example.org,469-994-0090x6911,"172 Ball Centers Suite 654
Christinamouth, NC 35052",Manufacturing,Bogor
T271,"Smith, Reyes and Vargas",youngbrandon@example.org,+1-600-264-3443,"USNV Morrison
FPO AP 20782",Energy,Surabaya
T272,"Boyd, Diaz and Wilson",oglenn@example.org,6088776676,"270 Woods Estates
Parkerland, AZ 55027",Utilities,Surabaya
T273,"Nichols, Smith and Anderson",nathan60@example.org,349.870.2284x8673,"28720 Mark Island Suite 133
New Stacyland, LA 37855",FMCG,Surabaya
T274,"Delgado, Church and Lee",brittanyrivas@example.net,942-928-1113,"589 Stephanie Gardens Suite 428
Oliverfort, DE 21925",Utilities,Surabaya
T275,"Avila, Valentine and Lozano",tracy23@example.com,834.601.5492x27517,"PSC 8144, Box 3187
APO AE 16539",Tech,Cikarang
T276,Paul-Ford,jenniferescobar@example.com,001-688-224-2094x424,"6428 Rangel Isle
New Chadfort, HI 43093",Manufacturing,Bogor
T277,Reynolds-Smith,kennethking@example.net,964.725.5903x0924,"0571 Audrey Flat Apt. 942
Kington, PR 77636",Manufacturing,Cikarang
T278,Bryant-Campbell,suecarpenter@example.org,+1-800-565-4296x449,"20790 Stephen Prairie Suite 510
West Brittneyview, KY 25838",Utilities,Bandung
T279,Mccarthy-Wallace,wshaffer@example.org,416-765-6216x791,"04110 Anderson Path Suite 272
South Susanmouth, MN 91514",FMCG,Jakarta
T280,Brooks Inc,anthony95@example.com,339-692-2824,"PSC 6102, Box 1498
APO AA 90113",Utilities,Jakarta
T281,Brown Group,gabrielladavis@example.org,001-594-647-0547x809,"92998 George Crossroad
Port Mark, PW 95995",FMCG,Bandung
T282,Harper PLC,jessica53@example.net,221.329.9629,"38778 Brown Courts
Andrewsside, WI 11749",Manufacturing,Jakarta
T283,Miller-Cobb,matthewwright@example.net,+1-756-358-8993x4796,"3354 Amanda Cape
East Albertbury, NH 82706",FMCG,Bandung
T284,Martin-Morales,ashleybrown@example.com,+1-259-331-3840x685,"USCGC Stewart
FPO AP 63553",Utilities,Surabaya
T285,Christian PLC,guerreroandre@example.net,614-326-7041,"USNS Page
FPO AA 38421",Tech,Bandung
T286,"Fowler, Miller and Mccarthy",beckmichelle@example.net,655-605-8096x334,"USNV Goodwin
FPO AE 44454",FMCG,Cikarang
T287,"Boyer, Floyd and Cunningham",judith77@example.net,927.486.0221x4899,"4953 Arnold Spur
Jonesview, DC 74499",Energy,Cikarang
T288,"Smith, Williams and Peterson",walter97@example.com,376-275-6895,"USNV Morgan
FPO AP 18658",Utilities,Jakarta
T289,"Riley, Sloan and Williams",xmills@example.org,+1-201-245-8547,"USCGC Davidson
FPO AP 71896",Energy,Bandung
T290,"Mcpherson, Gardner and Harrell",stewartrobert@example.org,+1-232-729-6764,"49191 Leach Trail Suite 088
Jacobfort, MH 63450",FMCG,Bogor
T291,"Carter, Foster and Kirk",timothydawson@example.net,608-712-9467,"Unit 1965 Box 9937
DPO AP 11770",Tech,Surabaya
T292,Dyer LLC,courtneywilliams@example.org,001-447-306-1707x3915,"4233 Mclaughlin Lodge
Lake Douglastown, NC 99840",Energy,Jakarta
T293,White Inc,johnsanders@example.net,781-838-7266x706,"378 Goodwin Throughway Apt. 544
Geoffreyfurt, ME 91699",Tech,Jakarta
T294,Shaw Inc,hernandezlaura@example.net,(691)416-2446,"3173 Kathleen Inlet Suite 308
New Tylerfort, NY 32978",Manufacturing,Cikarang
T295,"Collins, Meyer and Miller",sarah67@example.org,+1-496-930-4587x505,"744 Montgomery Tunnel Apt. 675
Christinefurt, MN 41731",FMCG,Cikarang
T296,Brock-Hoover,charlesnoble@example.org,551-934-4700,"1439 Roberts Drive
Trevorfort, MI 54011",Energy,Jakarta
T297,Reid and Sons,conniehughes@example.net,+1-427-714-2995x73786,"2799 Sanders Locks Apt. 089
Bishopshire, FL 13743",Utilities,Cikarang
T298,Petersen-Orr,alicia05@example.org,419-273-8126,"52487 Salinas Mount Apt. 207
Whiteside, IL 66914",Manufacturing,Bogor
T299,Miller-Newton,petersjeffery@example.com,746.653.3299,"24792 Scott Stream
Greenville, DC 05550",Manufacturing,Surabaya
T300,"Daniel, Smith and Case",bcooper@example.org,(943)395-2519x507,"328 Chase Valleys Apt. 945
Johnshire, MN 02990",Tech,Cikarang
T301,"Smith, Anderson and Brooks",amberrusso@example.com,392-454-7335,"37481 Daniel Plain Suite 496
South Tina, MH 94145",Energy,Bogor
T302,Middleton LLC,fjennings@example.org,409-607-6893x518,"969 Gutierrez Light
Fisherberg, FM 39665",Utilities,Bogor
T303,Schmidt and Sons,obrienyolanda@example.net,786-962-9979,"98953 Chaney Meadow
West Brittany, DE 36300",Utilities,Bandung
T304,Rogers and Sons,cooksarah@example.org,001-693-455-9062,"51920 Tamara Row Apt. 652
Riosland, AK 96637",Tech,Cikarang
T305,Shields-Clark,richard45@example.net,(501)864-8697x1902,"75783 Lori Stream Apt. 295
West James, WV 13079",Tech,Jakarta
T306,"Castro, Martinez and Taylor",jameslee@example.net,+1-970-698-8891x6293,"73783 Brewer Crest Apt. 272
Ericview, MD 19441",Tech,Bogor
T307,Rivera-Alvarado,travis99@example.com,(858)388-7789x74052,"USNV Reynolds
FPO AA 67930",Manufacturing,Bogor
T308,Johnson Ltd,beltranbradley@example.net,+1-990-919-9817,"99840 Roberts Manor
South Jennifer, AS 27030",Manufacturing,Jakarta
T309,"George, Boone and Ayala",jordanchristine@example.net,(667)308-4832,"21666 Huber Pine
Beltranmouth, RI 27755",Manufacturing,Jakarta
T310,Dixon-Jones,colleenjennings@example.org,001-589-653-3761x8736,"125 Kelly Route
West Jessica, TN 04181",Tech,Surabaya
T311,Davis-Moore,christina77@example.net,855.656.7960x333,"5103 Zimmerman Harbors
Tuckerview, AL 27832",Manufacturing,Cikarang
T312,Brown-Nunez,christopher53@example.org,336.595.8774x542,"5850 Jennifer Station
Reevestown, WI 16916",Energy,Cikarang
T313,Sanders Ltd,welliott@example.com,001-206-768-4290x88122,"9918 Hansen Alley Apt. 305
Port Bruce, VA 42420",Energy,Surabaya
T314,Hebert-Barker,benjamin86@example.net,571.865.9176x4589,"5097 Holly Harbor Apt. 542
East Lisatown, NH 25430",Energy,Surabaya
T315,Hall-Brown,hoffmanjennifer@example.com,001-338-462-7037,"95806 Rachel Rest Suite 664
Dustinside, MO 63108",FMCG,Cikarang
T316,Lewis-Hanna,byrdamanda@example.net,224.916.8109x8958,"769 Luis Flats Apt. 209
East Bethfort, MP 23184",Manufacturing,Cikarang
T317,Dunn-Roberts,stacey69@example.org,001-480-996-3942x554,"4027 Patterson Passage Apt. 106
Lake Vincent, MP 31224",Utilities,Bogor
T318,Jordan Ltd,sowens@example.net,(437)368-7540,"96999 Danny Rest Suite 434
Angelicaberg, MH 32599",Energy,Surabaya
T319,Lopez and Sons,schwartzamy@example.com,001-658-232-0016x35513,"USCGC Lloyd
FPO AE 18756",Tech,Bandung
T320,Ray-Jackson,jgarcia@example.com,(278)231-2010,"369 Hoover Wells
East Gregory, SD 56448",Manufacturing,Bandung
T321,Palmer-Hall,harold21@example.org,001-577-617-7128,"PSC 1731, Box 1446
APO AE 06425",Manufacturing,Surabaya
T322,"Pineda, Rodriguez and Pennington",christinegordon@example.com,(643)697-8371x037,"951 James Radial
Port John, LA 47721",Manufacturing,Bogor
T323,Manning and Sons,whiteelizabeth@example.net,330-711-0974,"44469 Guerra Key
South Tonyland, RI 66476",Manufacturing,Bandung
T324,"Alexander, Price and Mcdaniel",romeroandrew@example.org,931.901.7974x65824,"7416 Monique Mill Apt. 581
Griffithview, DE 89526",Tech,Bandung
T325,Mcmahon-Keller,jessica85@example.org,536-792-2201x53906,"71583 Daniel Islands
Port Eric, NV 95915",FMCG,Surabaya
T326,"Snow, Johnson and Chambers",michellegoodman@example.net,201-907-3455,"082 Smith Viaduct
Thompsonborough, TN 21436",FMCG,Bogor
T327,"Moore, Thomas and Allen",brian75@example.org,001-570-257-5149,"446 Conner Route Apt. 660
Lake Lisa, NH 38695",Tech,Surabaya
T328,Fox-Franklin,sally94@example.com,001-270-250-0428x22591,"83313 David Rue Suite 568
Farmertown, KY 32419",Manufacturing,Jakarta
T329,Horn-Holland,acevedosara@example.com,770.469.9116,"USNS Watson
FPO AE 49588",FMCG,Bogor
T330,"Mckinney, Johnson and Gilmore",john11@example.org,(462)415-7940,"43175 Pennington Streets
Franciscoport, TN 55326",Utilities,Jakarta
T331,Baxter-Andersen,anthonymitchell@example.org,001-726-498-8005x458,"9039 Gould Lane Suite 441
Robinsonbury, DE 38197",Manufacturing,Bogor
T332,"Cervantes, Paul and Brown",kponce@example.com,(738)652-6309,"998 Isaac Mills Suite 729
Perezmouth, OR 62315",Energy,Bandung
T333,Richard and Sons,larry69@example.org,001-649-237-1620x0433,"7227 Elizabeth Stravenue
East Sierra, WY 43681",FMCG,Cikarang
T334,"Pitts, Garcia and Williams",zallison@example.com,6376718343,"362 Smith Lane Suite 598
New Russellstad, IA 70180",Manufacturing,Cikarang
T335,Palmer Ltd,ericmason@example.org,+1-932-367-0729x9552,"3351 Amber Way Suite 134
North George, CT 62314",Tech,Surabaya
T336,"Kennedy, Stone and Peterson",lewismichael@example.com,859-870-8585x1655,"065 Ortega Expressway Apt. 622
Carsonfort, AR 57864",FMCG,Bandung
T337,"Woodward, Buck and Patel",cgraham@example.com,(804)280-0472x0660,"349 Lynch Fords Apt. 630
East Tammy, PW 73000",Tech,Surabaya
T338,Dodson-Koch,anthonydecker@example.net,6597410182,"452 Robert Causeway Apt. 633
East Hannah, NC 54088",Utilities,Bogor
T339,Freeman-Schultz,casey23@example.com,(869)984-8988x6573,"5909 Rodriguez Lodge Suite 411
Lake Meganfurt, ME 06402",Utilities,Bogor
T340,Joseph LLC,fmays@example.net,4867483216,"414 Manuel Harbors
New Christinaville, MN 37135",Utilities,Bogor
T341,Moyer and Sons,starkdaniel@example.net,001-405-695-9166x72656,"57652 Tucker View
Ericborough, IN 65043",Manufacturing,Surabaya
T342,Morris-Perez,schneiderjason@example.net,641-479-5619x19763,"2275 Stewart Fords Apt. 466
Lake Josephfort, VA 47741",Utilities,Surabaya
T343,Lucero PLC,dhamilton@example.org,001-488-743-3725x68279,"82358 Jessica Streets
North Elizabethchester, CA 80188",Utilities,Cikarang
T344,Love-Donovan,david45@example.net,497-892-7721x82334,"5818 Boyd Crossing Apt. 743
Keithtown, DE 55417",Utilities,Bogor
T345,Garcia Group,singletonjohn@example.net,216.870.0305,"42313 Johnson Locks
Lake Matthew, LA 30430",Utilities,Cikarang
T346,Ramirez Ltd,frederickmarshall@example.org,(223)564-3122x7869,"6008 Janet Branch
Port Jasonland, PA 12826",Utilities,Cikarang
T347,Jordan-Cook,yesenia46@example.org,6772743765,"USNS Henderson
FPO AE 66982",Tech,Jakarta
T348,"Williams, Wyatt and Watkins",torresruben@example.org,001-238-376-2661,"4380 Weaver Prairie Apt. 787
South Brianview, UT 91874",Utilities,Surabaya
T349,Friedman PLC,morenomichael@example.org,581-971-6140x06842,"59621 Cox Knolls
North Karenhaven, LA 35694",Utilities,Bandung
T350,"Fields, Esparza and Henry",stephanie89@example.org,+1-461-689-4938,"08443 Lopez Dam
Port Raymond, MT 96487",Tech,Surabaya
T351,Morris Ltd,laura03@example.com,200.705.3146x7213,"424 Mccormick Village Apt. 963
Jonesville, AR 22168",Energy,Bogor
T352,"Johnson, Collins and Yang",daviselizabeth@example.com,001-397-220-2725x8335,"9541 Ramsey Flat Apt. 263
New Nancy, MD 11738",Manufacturing,Cikarang
T353,Frazier Inc,smithdavid@example.com,316-423-7739x32061,"15702 James Branch Apt. 551
West Wesleyhaven, MI 98339",Utilities,Cikarang
T354,Hubbard-Parker,karenmaddox@example.net,(796)762-6495,"5740 Nicholas Stravenue Apt. 564
Port Ericfurt, AK 59692",Tech,Cikarang
T355,"Frey, Mccoy and Kelly",fblack@example.com,8734140625,"572 Dylan Islands Suite 435
Walkermouth, IL 06580",Utilities,Bandung
T356,Herrera-Watson,lmays@example.net,(541)202-4666x386,"913 Calvin Greens
Janetchester, OR 81145",Manufacturing,Bogor
T357,"Guzman, Knapp and Arellano",nicholasscott@example.com,623.257.7096x449,"6989 Thomas Rapid
South Jose, MI 48508",FMCG,Jakarta
T358,Hall-Myers,emunoz@example.net,001-817-731-6269,"91404 Emily Track Suite 203
Port Joannamouth, VT 73553",Manufacturing,Jakarta
T359,Powell Ltd,sherrirush@example.net,715.706.4537x1695,"896 Jasmine Pass
North Susanfurt, AS 33167",Energy,Bogor
T360,Williams-Johnson,morgankellie@example.org,001-877-455-9289x30967,"00556 Bruce Shores Apt. 578
East Zacharyside, ID 70375",FMCG,Jakarta
T361,Cervantes Ltd,kmurray@example.com,357.642.3597x418,"894 Bethany Junctions
Linfurt, NV 40822",Energy,Jakarta
T362,Smith PLC,ebates@example.net,503-666-1102,"58150 Moore Island
New Kristopher, KY 99419",Manufacturing,Surabaya
T363,Jones Inc,wendycabrera@example.net,(646)869-6041x15646,"114 Roy Cliffs Suite 162
Bullockfort, AS 74455",Tech,Bogor
T364,Scott Group,austinsmith@example.com,285-576-6442,"8261 Norton Road Suite 960
New Robin, AR 31969",Utilities,Bandung
T365,"Smith, Lawson and Caldwell",annastephens@example.com,369.227.5937x042,"36097 Sheri Spurs Apt. 436
Lake Brian, RI 23297",FMCG,Jakarta
T366,Gonzalez and Sons,christophersanchez@example.com,394-885-1121x94998,"375 Hughes Streets
Jasontown, ND 09125",Utilities,Bandung
T367,"Shah, Poole and Ware",vhardy@example.net,+1-718-455-8047x93347,"9875 Dustin Flat Apt. 651
Barretttown, NJ 20180",Utilities,Jakarta
T368,Jenkins-Hunt,nsmith@example.net,+1-633-940-3882x3519,"99209 Steven Stravenue Apt. 308
South Robert, FM 86834",Energy,Surabaya
T369,Lynch LLC,bryantmegan@example.org,(519)628-8693,"122 Patrick Brooks Apt. 528
East Richardshire, LA 06382",Tech,Surabaya
T370,Bautista-Deleon,qrodriguez@example.org,001-641-586-6495,"8865 Nancy Key Suite 629
New Brandonburgh, DE 00989",Energy,Bandung
T371,Bryan-Farmer,christinapeterson@example.com,+1-727-898-3920x90282,"876 Travis Junctions Apt. 891
Simpsonmouth, LA 80867",Utilities,Bandung
T372,Bush-Griffin,jonesmatthew@example.net,(376)844-0226x78948,"73909 Samuel Corners
West Joseph, CO 82150",Utilities,Bandung
T373,Farmer-Warren,timothy06@example.org,(333)650-0737,"4624 Lori Inlet Apt. 191
West Tyler, RI 65922",Tech,Bogor
T374,"Hines, Miranda and Martin",abigail79@example.org,693.773.3657x1163,"806 Joseph Shoal
Lake John, PA 16024",FMCG,Jakarta
T375,"Lopez, Griffin and Edwards",pjohnson@example.net,961.406.9215x223,"24021 Castaneda River Apt. 113
East Andrea, NY 28413",Energy,Bogor
T376,Robinson-Jones,nwilson@example.com,535-744-2461x685,"50576 Shaffer Coves
Waltersstad, OH 61546",Manufacturing,Jakarta
T377,"Smith, Johnson and Ferguson",huberleslie@example.net,587-384-2530x91818,"PSC 9428, Box 4001
APO AE 40669",Tech,Surabaya
T378,Ortiz-Stanley,ryan87@example.org,861-323-9697,"88377 Perez Knoll Apt. 192
East Brianchester, MO 28929",Manufacturing,Bandung
T379,"Walker, Patel and Padilla",lsimmons@example.com,(456)381-6038x5287,"297 Lisa Plains
Oliverstad, ME 04961",Energy,Jakarta
T380,Robles-Young,iandrews@example.net,456-640-1868x5384,"0723 Solis Point Suite 684
Meganmouth, KY 48938",Utilities,Bogor
T381,"Barnett, Watson and Campbell",claytontorres@example.com,001-708-402-4682,"246 Joe Field
Garyfurt, RI 48572",Energy,Bogor
T382,Massey Inc,reynoldstimothy@example.org,375-303-9538x5403,"Unit 7579 Box 1405
DPO AE 74555",Manufacturing,Bandung
T383,Tanner-Burch,dpeterson@example.org,285.633.0232,"13427 Kathryn Groves Apt. 371
Garyville, SD 39527",Manufacturing,Bandung
T384,Wright LLC,taylorrobert@example.net,(838)329-4294x734,"249 Garcia Plains Apt. 621
West Margaretchester, HI 59247",Energy,Cikarang
T385,Green and Sons,todd74@example.net,938.673.0251,"5900 Richardson Loaf Suite 104
Derrickfort, VI 84896",Utilities,Jakarta
T386,May-Hernandez,savannah98@example.net,+1-861-837-2348x58840,"44912 Rhodes Parkway Apt. 532
Port Nicholaschester, CO 76808",Energy,Jakarta
T387,"Eaton, Marshall and Benitez",rfloyd@example.net,515-332-8286x189,"USS Wells
FPO AA 48898",Tech,Cikarang
T388,"Phillips, Reyes and Mathis",melissatorres@example.net,4824267612,"879 Mitchell Meadows Suite 000
Port Marieborough, WI 18023",Utilities,Cikarang
T389,Mason-Gonzalez,jimenezcraig@example.net,001-691-673-3779x0705,"440 Darryl Parks
Port Sonya, WI 63341",Energy,Cikarang
T390,"Duncan, Kelly and Harris",amanda57@example.com,+1-700-978-8292,"230 Rickey Alley
South Williambury, PA 44115",FMCG,Jakarta
T391,Johnson Ltd,yguerrero@example.com,768.562.8985x8678,"Unit 9437 Box 3193
DPO AE 53168",Utilities,Cikarang
T392,"Peterson, Hawkins and Owens",garciadustin@example.com,729.753.6619x92816,"972 Marshall Brooks
Lake Danielle, CT 97209",Manufacturing,Surabaya
T393,"Roy, Holland and Hernandez",smithrichard@example.com,+1-488-389-5060x42580,"5212 Joseph Club
Hermantown, AS 93140",FMCG,Jakarta
T394,"Brown, Pace and Lowe",amedina@example.net,001-719-815-9713,"PSC 0917, Box 2580
APO AE 72216",Energy,Jakarta
T395,"Bentley, Kemp and Peters",foxjessica@example.com,+1-878-259-4734x707,"1220 Jamie Mills Suite 877
Katieport, OH 25715",Energy,Surabaya
T396,"Morrison, Solomon and Booker",melissajones@example.net,373.995.8996,"9735 Shelley Brook
Lake Marcport, TN 07498",Energy,Surabaya
T397,Cherry-Moses,kevinosborne@example.org,(692)812-1433x072,"2146 Lee Isle
Stephanieville, NH 69536",Manufacturing,Surabaya
T398,Cruz LLC,jeffrey73@example.net,001-246-325-5102,"325 Diaz Trail Suite 007
Nicoletown, DE 44966",Manufacturing,Bandung
T399,Lopez Inc,xcampbell@example.org,596.972.1052x66051,"5778 Young Tunnel
Port Rebecca, NM 26523",Tech,Jakarta
T400,Christian Ltd,matthew62@example.net,001-408-244-2016x8959,"44919 Aguirre Mall
Josephmouth, PR 82468",Manufacturing,Bandung
T401,Friedman-Poole,chloe43@example.com,(617)414-5275x485,"Unit 3966 Box 4592
DPO AE 34536",Manufacturing,Bandung
T402,"Thompson, Ferguson and Carson",lawrence32@example.com,355-263-2649x097,"159 Lopez Motorway Suite 903
Sheashire, ND 92497",FMCG,Bogor
T403,Guzman-Phillips,nray@example.org,(642)460-7041x998,"251 Colleen Point
Craneport, TN 31659",FMCG,Surabaya
T404,Wong-Dalton,hardinrenee@example.net,222-682-7166,"02622 Michael Cliffs
Juliamouth, IN 92563",FMCG,Jakarta
T405,French PLC,whitney82@example.org,001-221-771-6543x160,"37300 Mann Dam
New Richardmouth, AS 19114",Energy,Bandung
T406,"Shepard, Smith and Thomas",levymatthew@example.net,221.745.9752x49633,"Unit 4348 Box 9475
DPO AA 31193",Tech,Bogor
T407,Williams-Delgado,hpena@example.net,001-764-357-7581x71421,"78804 Buck Estates Suite 670
East Brianside, SD 64059",Manufacturing,Cikarang
T408,"Beck, Bradshaw and Bailey",johnsalicia@example.net,+1-864-729-6355x282,"USNV Wilson
FPO AA 28848",FMCG,Jakarta
T409,"Taylor, Lawson and Morales",courtneychavez@example.org,(508)460-1197,"1020 Kathryn Trail
Matthewview, NC 03336",Tech,Bandung
T410,"Green, Banks and Martinez",hoclarence@example.org,775-623-9957x9114,"416 Johnston Street Suite 561
Fraziertown, IA 88199",Energy,Surabaya
T411,Proctor PLC,marisa76@example.net,001-756-489-3899x61952,"8596 Sherri Land Apt. 040
New Barbarabury, NE 84598",Manufacturing,Cikarang
T412,Kaufman LLC,vlee@example.net,+1-375-801-3961,"4691 Elizabeth Turnpike Apt. 786
Ronaldhaven, SD 95930",Manufacturing,Bandung
T413,Jackson and Sons,codydonovan@example.com,955-518-8134x978,"824 Banks Mews Apt. 435
North Markside, IN 42042",FMCG,Surabaya
T414,Ramirez Ltd,lawsonrandall@example.net,472.809.1440x107,"868 Martinez Fort
Harveyborough, AL 90376",Utilities,Cikarang
T415,Price-Armstrong,audreyedwards@example.com,+1-959-903-3216x449,"6110 Webb Vista
Santoston, NM 47559",Tech,Bogor
T416,Johnson Group,misty43@example.com,001-279-748-4106x66686,"459 Charles Meadows
New Ashleyhaven, MA 79186",FMCG,Jakarta
T417,Patel-Robinson,robert40@example.org,001-206-315-4313x2641,"0277 Steven Green Apt. 822
Port Kim, NM 61431",Tech,Bogor
T418,"Wise, Manning and Durham",russell03@example.org,256-588-4395,"583 Tina Avenue Apt. 823
South Chelsea, WI 75833",Utilities,Bandung
T419,"Knight, Frank and Franco",gabrielclark@example.org,4536099364,"012 Lewis Mountains Apt. 366
Lake Michellefort, ME 29070",Tech,Surabaya
T420,"White, King and Myers",thomas27@example.org,780.328.5109x9019,"811 Herrera Plaza
North Paultown, TX 49783",Energy,Cikarang
T421,Hodge PLC,fballard@example.org,+1-923-616-8258x999,"78211 Rebekah Field
South Anthonyfort, IL 28836",FMCG,Surabaya
T422,Rodriguez-Rivas,rscott@example.org,420.771.9445,"853 James Way Apt. 064
Port Danieltown, VI 42756",Utilities,Bogor
T423,Hays PLC,cbenson@example.org,4952696874,"467 Blankenship Forest Apt. 786
Davisview, VA 65097",Manufacturing,Bogor
T424,Carroll PLC,kelleythomas@example.net,476-868-7930x83940,"453 Sue Rapids
Hernandezport, AR 91480",Manufacturing,Cikarang
T425,Mcdonald-Skinner,kyle11@example.net,350.914.1931x367,"541 Brian Spurs Suite 866
Connerport, NC 97977",Manufacturing,Surabaya
T426,Greer-Hunt,barrettariel@example.org,(575)547-5253,"39627 Tammy Drive Suite 420
Colemanshire, NH 67212",Energy,Surabaya
T427,"Short, Ayers and Bradford",kathryn02@example.org,001-844-306-9036,"USCGC Dodson
FPO AA 06446",Manufacturing,Cikarang
T428,Davis PLC,amy75@example.net,+1-276-742-4857x373,"62725 Williams Orchard
Lake Christinaside, OK 40839",Utilities,Jakarta
T429,Mueller LLC,douglas37@example.net,203.751.3445x3078,"USCGC Perkins
FPO AA 90020",FMCG,Bogor
T430,Anderson-Ford,raysara@example.net,7509543476,"1330 Jose Roads Apt. 856
West Susanhaven, MA 25060",FMCG,Bogor
T431,"Smith, Young and Grant",maryfields@example.com,(459)369-7071,"9080 Gibson Hills Suite 976
Kimberlybury, IL 56234",Energy,Bandung
T432,Black Group,campbellallison@example.com,658.947.4983x65295,"USNS Lopez
FPO AA 58543",Utilities,Cikarang
T433,Peters LLC,jeremy87@example.net,001-381-835-2622,"88163 Robert Corners
Levyfort, DE 05886",Energy,Jakarta
T434,Patterson and Sons,lori96@example.net,(830)507-5426x167,"6004 Peter Isle Apt. 406
Cabreraside, ID 66477",Tech,Bogor
T435,Reeves-Sullivan,aaronblack@example.net,748.546.0324,"1125 Robin Mission
West Ashley, KY 44758",FMCG,Jakarta
T436,"Cardenas, Brown and Lewis",nelsonashley@example.org,465-639-3853x92555,"3467 Sandra Mountain
Karinaberg, FL 30298",Energy,Surabaya
T437,Mclean Group,rodriguezdenise@example.org,576-971-7683,"56613 Moore Pine Apt. 648
West Alicia, NY 77533",Manufacturing,Bandung
T438,Hamilton-Mullen,anovak@example.org,001-471-556-6196x4354,"9002 Fletcher Cove
West Stacyshire, NY 23700",Manufacturing,Bandung
T439,"Melendez, Flores and Johnson",james45@example.com,700.469.6220x85078,"00405 Thomas Villages
Allisonmouth, DC 56260",Tech,Bogor
T440,Riddle-Chase,bgeorge@example.net,542-815-9766x9006,"2728 Chris Mission
East Christopher, TX 58595",Tech,Bandung
T441,Jones-Cooley,jasonhumphrey@example.com,881.486.8371x025,"4200 Ford Shoal Apt. 991
South Jesseview, MP 17599",Energy,Cikarang
T442,Cochran-Fitzpatrick,rodney28@example.com,830-332-8555,"333 Darrell Burg Apt. 456
East Cynthiaberg, KS 69299",Utilities,Cikarang
T443,Reynolds-Lee,jturner@example.net,001-563-820-3091x974,"192 Charles Motorway
Waltonfort, MT 04083",Utilities,Bandung
T444,Lewis-Ramirez,carlosedwards@example.net,(567)970-4309x731,"959 Jessica Walk
Saundersberg, WY 28680",Utilities,Surabaya
T445,Keller-Powell,williamsheather@example.net,001-692-756-8198,"3917 Jones Lights
Fostershire, MH 42842",Manufacturing,Surabaya
T446,Palmer-Grant,smithjason@example.org,5402988471,"7559 Mathis Circles Suite 826
Campbellhaven, UT 54966",Energy,Cikarang
T447,Johnson LLC,zmosley@example.org,+1-555-908-8424,"292 Kara Alley
New Anthony, IL 29745",Utilities,Surabaya
T448,Henry LLC,schmidtlinda@example.com,001-272-532-8023x234,"0124 Katherine Oval
Michaelbury, ME 37564",FMCG,Jakarta
T449,Gordon PLC,gjensen@example.com,(372)934-1541,"82398 Chavez Bypass
South Michelle, DE 49677",Utilities,Cikarang
T450,Mathews Group,gonzalezwhitney@example.com,(485)453-2559,"666 Newman Squares Apt. 757
Masonstad, OR 38515",Manufacturing,Cikarang
T451,"Gallegos, Perez and Sparks",ricky51@example.net,(625)433-2981,"5024 Tanner Branch
Nathanielhaven, ME 20489",Utilities,Bandung
T452,"James, Patel and Johnson",kwillis@example.org,(628)312-0181x944,"55817 Chelsea Forges
South Victoria, AK 70831",Tech,Cikarang
T453,Watkins-Meza,mmcpherson@example.net,(594)526-3481x7005,"20878 John Road Suite 633
West Glenn, MI 74666",Utilities,Cikarang
T454,Oconnor LLC,anitawilliams@example.org,946-868-4948x524,"75056 Williams Causeway Apt. 301
Lake Donna, NY 96762",Energy,Jakarta
T455,"Hurley, Perez and Kelly",paulboyd@example.com,001-478-985-6277,"0554 Gibbs Springs Apt. 623
North Dana, AZ 96113",FMCG,Bandung
T456,Taylor-Smith,tyleradkins@example.net,+1-809-701-3352x29242,"46591 Kenneth Bypass
Lake Frank, LA 41890",FMCG,Bandung
T457,Garcia PLC,lowealison@example.org,001-442-724-5737x90155,"Unit 0362 Box 5505
DPO AA 33789",Tech,Bandung
T458,Brock-Hernandez,michellemcintyre@example.org,(324)376-1271x97557,"04769 Wilson Cliff Suite 750
East Kendra, AK 77165",Energy,Bandung
T459,Page-Cooper,christinathompson@example.org,456.434.8951x887,"0294 Wilson Prairie
Phamside, KY 64176",Manufacturing,Bandung
T460,Newton and Sons,steven97@example.org,818.364.0701,"338 Teresa Skyway Suite 669
Lake Michaelfort, MP 29724",Tech,Surabaya
T461,"Jefferson, Harrington and Vincent",pettygina@example.org,(776)431-1962x081,"96547 Coleman Glen
Port Jenniferbury, ND 91723",Energy,Surabaya
T462,Coleman-Moore,garciadaniel@example.com,001-298-995-1751x533,"USNV Burke
FPO AA 28055",Manufacturing,Cikarang
T463,Torres-Bridges,justin10@example.org,001-940-509-5871x884,"PSC 9404, Box 1119
APO AE 84470",Tech,Jakarta
T464,Graham-Harrison,ashleydyer@example.org,+1-325-464-7693,"255 Jones Burgs Suite 695
West Troy, CA 42701",FMCG,Bandung
T465,Yu-Fischer,stephanieharrison@example.net,001-972-731-9905x1539,"6082 Dyer Causeway
Brandyburgh, NE 57363",Tech,Bandung
T466,Kennedy-Scott,joshualuna@example.com,+1-859-720-4799,"4291 Sherry Unions
South Stephen, HI 28852",Manufacturing,Bogor
T467,"Norman, Wheeler and Ramos",shaneallen@example.com,(926)525-6496,"14030 William Extensions Suite 066
West Jon, HI 73900",Utilities,Jakarta
T468,Kramer-Lee,dominiquewilson@example.net,985-901-5694,"0081 Sharp Curve
Johnberg, MH 20209",Energy,Cikarang
T469,"Price, Oneill and Garcia",hillkaren@example.org,+1-735-549-6658x25796,"689 Conway Motorway Suite 657
Johnsonland, PA 23960",Utilities,Bogor
T470,"Rocha, Rogers and Snyder",yyork@example.net,846-658-0924x200,"64605 Scott Ports
Carpentershire, MD 57311",Energy,Cikarang
T471,"Bell, Cook and Moss",danny83@example.net,306.629.6689x17210,"736 Kathryn Fort
Smithhaven, IA 52511",Energy,Bogor
T472,Schmidt and Sons,dbarrera@example.com,620.867.6531x42733,"423 Patricia Ports
Briggsland, MO 73841",Tech,Bogor
T473,"Bailey, Brown and Hall",greenefelicia@example.net,001-508-309-7274x614,"1289 Mitchell Parkways Apt. 931
Collierfort, AR 10613",FMCG,Bogor
T474,"Webb, Becker and Sellers",lriley@example.org,5262191920,"688 Adam Parkway
Lake Paulstad, NC 78825",Utilities,Jakarta
T475,Fisher Inc,kimberlyhumphrey@example.net,333.832.9273x56743,"3701 Mike Mills Apt. 361
Darrellfurt, VI 51278",Energy,Bogor
T476,Carter PLC,nhobbs@example.org,001-208-980-5542x5054,"435 Brian Views Apt. 584
South Adrian, IA 75049",FMCG,Surabaya
T477,Kelly-Sims,greenchristopher@example.org,(337)931-7568,"251 Diaz Orchard Suite 031
South Kevinport, GU 01697",Energy,Jakarta
T478,Robinson-Mullins,amywalker@example.com,+1-980-578-5421x64808,"89686 Bennett Flat Apt. 935
East Sandra, PA 21324",Energy,Bogor
T479,"Parker, Parker and Jacobs",cweaver@example.com,+1-547-412-8862x6954,"9778 Amy Squares
Lake Morgan, MA 64202",Manufacturing,Jakarta
T480,Brown-Brooks,bethwagner@example.com,278.231.8636,"534 Richards Spur
Thompsonview, MN 29022",Manufacturing,Jakarta
T481,Morales-Jones,kimberlygreen@example.net,001-509-911-4513x8691,"01787 Melton Place
Port Elizabethshire, WY 95541",FMCG,Cikarang
T482,Hall PLC,martha07@example.org,346-706-7115,"774 Gross Isle
New Jaclynburgh, WY 81109",FMCG,Bogor
T483,"Edwards, Greene and Miller",debrahamilton@example.net,001-387-679-2705x92503,"01675 Kerr Extension Apt. 732
Gonzalezstad, NM 62818",FMCG,Jakarta
T484,Carter Ltd,lrichardson@example.com,3589305572,"7842 Sean Pike Apt. 763
Wrightland, WI 25663",FMCG,Jakarta
T485,Horton-Rhodes,drobertson@example.com,(384)629-3386x3027,"9889 Shaw Extensions
Port Stephanieland, SD 28383",Manufacturing,Bandung
T486,"Doyle, Garcia and Graves",edwardgarcia@example.com,(592)655-4413x468,"507 Ponce Run Suite 241
Josephberg, MS 98246",FMCG,Bogor
T487,Garner-Hayes,jessica49@example.com,702.354.5125x5025,"20339 Rivera Tunnel Suite 661
Alexmouth, KS 91072",FMCG,Cikarang
T488,"Nguyen, Gross and Ochoa",zjones@example.org,227-876-7022x384,"85679 Ortiz Bridge Apt. 779
Brucemouth, NJ 99509",Utilities,Cikarang
T489,Lopez Ltd,bryanbaker@example.org,(827)308-5479,"Unit 7134 Box 1915
DPO AA 28419",Manufacturing,Cikarang
T490,"Johnston, Wolfe and Webb",larrymorgan@example.net,3094483531,"4407 Michael Wall Suite 603
Jacobston, ME 35517",Tech,Cikarang
T491,"Patterson, Yoder and Clark",loweryjames@example.org,275-880-0532x737,"357 Christine Walks
Johnport, PR 85683",Tech,Surabaya
T492,Brooks Group,tlewis@example.org,3443150746,"05398 Brown Lake Apt. 393
South Gabrielle, OH 21448",FMCG,Bandung
T493,Johnson-Hall,vsimpson@example.net,201.287.4466x2673,"134 Russell Green Apt. 548
New Briantown, CO 67416",Manufacturing,Cikarang
T494,"Saunders, Carpenter and Wagner",blakeheather@example.org,(900)259-7981x3864,"009 Kim Motorway
West Dwayne, AL 51377",Utilities,Surabaya
T495,Compton Inc,courtneyjohnson@example.org,887-740-7058x38861,"74506 Darren Spur
Melissamouth, RI 21672",Tech,Bandung
T496,Rodriguez-Kelly,gilmorekaren@example.org,654-587-6426x47617,"5532 Travis Valley Apt. 266
Barbaraberg, KS 40169",Tech,Bandung
T497,"Collins, Murphy and Jones",olsenadrian@example.net,(770)838-3310x52675,"641 Victoria Summit Apt. 723
New Tracyhaven, MS 58792",FMCG,Surabaya
T498,"Boyd, Wiley and Mayo",elizabethcarroll@example.com,7068192456,"51851 Ward Glen Suite 501
North Jennifer, PR 87219",Manufacturing,Surabaya
T499,Mueller-Gonzalez,millerrachel@example.com,532.614.5687x90353,"PSC 1174, Box 2739
APO AE 81841",Energy,Cikarang
