transaction_id,tenant_id,date,amount,tenor,addres,status
TRX05,T000,2024-01-05,209251,12,Cikarang,Default
TRX15,T001,2024-01-05,142739,6,Jakarta,No-Default
TRX25,T002,2024-01-05,427043,6,Jakarta,Default
TRX35,T003,2024-01-05,404344,12,Surabaya,Default
TRX45,T004,2024-01-05,160776,6,Jakarta,Default
TRX55,T005,2024-01-05,286871,3,Bandung,Default
TRX65,T006,2024-01-05,396025,12,Bandung,Default
TRX75,T007,2024-01-05,449375,6,Cikarang,No-Default
TRX85,T008,2024-01-05,65856,12,Bandung,No-Default
TRX95,T009,2024-01-05,396108,3,Cikarang,Default
TRX105,T010,2024-01-05,463656,6,Cikarang,No-Default
TRX115,T011,2024-01-05,253782,3,Bogor,No-Default
TRX125,T012,2024-01-05,110712,6,Jakarta,No-Default
TRX135,T013,2024-01-05,116015,12,Jakarta,No-Default
TRX145,T014,2024-01-05,499043,3,Surabaya,Default
TRX155,T015,2024-01-05,131731,6,Surabaya,No-Default
TRX165,T016,2024-01-05,64472,3,Bogor,Default
TRX175,T017,2024-01-05,333857,6,Cikarang,Default
TRX185,T018,2024-01-05,259686,6,Bogor,No-Default
TRX195,T019,2024-01-05,387755,3,Jakarta,Default
TRX205,T020,2024-01-05,398064,6,Surabaya,No-Default
TRX215,T021,2024-01-05,475811,3,Cikarang,No-Default
TRX225,T022,2024-01-05,356040,6,Bandung,No-Default
TRX235,T023,2024-01-05,472999,6,Bogor,No-Default
TRX245,T024,2024-01-05,414783,12,Surabaya,No-Default
TRX255,T025,2024-01-05,18114,3,Cikarang,No-Default
TRX265,T026,2024-01-05,466118,12,Cikarang,No-Default
TRX275,T027,2024-01-05,331644,3,Surabaya,No-Default
TRX285,T028,2024-01-05,220730,12,Bandung,No-Default
TRX295,T029,2024-01-05,54447,3,Jakarta,Default
TRX305,T030,2024-01-05,60684,3,Cikarang,No-Default
TRX315,T031,2024-01-05,246347,3,Bandung,Default
TRX325,T032,2024-01-05,449999,3,Bogor,No-Default
TRX335,T033,2024-01-05,72870,3,Cikarang,No-Default
TRX345,T034,2024-01-05,360551,12,Jakarta,Default
TRX355,T035,2024-01-05,196777,3,Bogor,Default
TRX365,T036,2024-01-05,42781,12,Jakarta,Default
TRX375,T037,2024-01-05,106355,3,Jakarta,Default
TRX385,T038,2024-01-05,64718,3,Cikarang,No-Default
TRX395,T039,2024-01-05,440368,12,Bogor,No-Default
TRX405,T040,2024-01-05,27929,3,Jakarta,No-Default
TRX415,T041,2024-01-05,32060,6,Surabaya,Default
TRX425,T042,2024-01-05,203940,6,Cikarang,No-Default
TRX435,T043,2024-01-05,55592,12,Cikarang,No-Default
TRX445,T044,2024-01-05,164157,12,Cikarang,Default
TRX455,T045,2024-01-05,283219,12,Surabaya,Default
TRX465,T046,2024-01-05,320477,12,Cikarang,No-Default
TRX475,T047,2024-01-05,135528,6,Cikarang,Default
TRX485,T048,2024-01-05,190570,12,Cikarang,No-Default
TRX495,T049,2024-01-05,377634,6,Jakarta,No-Default
TRX505,T050,2024-01-05,26779,6,Bogor,No-Default
TRX515,T051,2024-01-05,376351,6,Jakarta,No-Default
TRX525,T052,2024-01-05,151516,12,Bandung,No-Default
TRX535,T053,2024-01-05,181309,6,Jakarta,No-Default
TRX545,T054,2024-01-05,282225,3,Jakarta,No-Default
TRX555,T055,2024-01-05,268720,6,Surabaya,No-Default
TRX565,T056,2024-01-05,444724,12,Jakarta,No-Default
TRX575,T057,2024-01-05,117184,12,Cikarang,Default
TRX585,T058,2024-01-05,451361,6,Jakarta,Default
TRX595,T059,2024-01-05,179076,12,Cikarang,Default
TRX605,T060,2024-01-05,380658,12,Surabaya,Default
TRX615,T061,2024-01-05,356527,3,Surabaya,Default
TRX625,T062,2024-01-05,114149,6,Cikarang,No-Default
TRX635,T063,2024-01-05,168137,3,Bogor,Default
TRX645,T064,2024-01-05,193416,6,Cikarang,No-Default
TRX655,T065,2024-01-05,116824,12,Bandung,No-Default
TRX665,T066,2024-01-05,63849,3,Surabaya,No-Default
TRX675,T067,2024-01-05,275818,3,Cikarang,Default
TRX685,T068,2024-01-05,222521,6,Bandung,No-Default
TRX695,T069,2024-01-05,304633,12,Cikarang,Default
TRX705,T070,2024-01-05,43229,12,Bogor,Default
TRX715,T071,2024-01-05,190566,6,Cikarang,No-Default
TRX725,T072,2024-01-05,421296,6,Bogor,No-Default
TRX735,T073,2024-01-05,116794,12,Cikarang,Default
TRX745,T074,2024-01-05,292215,3,Bandung,Default
TRX755,T075,2024-01-05,414797,6,Bandung,Default
TRX765,T076,2024-01-05,183047,3,Cikarang,Default
TRX775,T077,2024-01-05,177848,12,Jakarta,Default
TRX785,T078,2024-01-05,216018,12,Jakarta,Default
TRX795,T079,2024-01-05,406660,3,Bogor,Default
TRX805,T080,2024-01-05,60969,3,Bandung,No-Default
TRX815,T081,2024-01-05,249959,6,Surabaya,No-Default
TRX825,T082,2024-01-05,12178,12,Jakarta,Default
TRX835,T083,2024-01-05,430567,12,Jakarta,Default
TRX845,T084,2024-01-05,465972,3,Bandung,Default
TRX855,T085,2024-01-05,157048,12,Bandung,Default
TRX865,T086,2024-01-05,427900,12,Surabaya,Default
TRX875,T087,2024-01-05,26482,6,Bogor,Default
TRX885,T088,2024-01-05,107669,6,Surabaya,Default
TRX895,T089,2024-01-05,335077,3,Bandung,Default
TRX905,T090,2024-01-05,491949,3,Surabaya,Default
TRX915,T091,2024-01-05,380787,3,Surabaya,Default
TRX925,T092,2024-01-05,184073,6,Cikarang,Default
TRX935,T093,2024-01-05,140241,3,Bandung,Default
TRX945,T094,2024-01-05,70102,3,Surabaya,Default
TRX955,T095,2024-01-05,268409,12,Cikarang,Default
TRX965,T096,2024-01-05,439173,6,Cikarang,Default
TRX975,T097,2024-01-05,402412,12,Surabaya,Default
TRX985,T098,2024-01-05,440729,6,Bandung,No-Default
TRX995,T099,2024-01-05,422453,3,Bandung,No-Default
TRX1005,T100,2024-01-05,60886,6,Jakarta,No-Default
TRX1015,T101,2024-01-05,431601,6,Surabaya,Default
TRX1025,T102,2024-01-05,197624,12,Jakarta,No-Default
TRX1035,T103,2024-01-05,331389,3,Bandung,Default
TRX1045,T104,2024-01-05,59378,6,Cikarang,Default
TRX1055,T105,2024-01-05,163021,6,Cikarang,Default
TRX1065,T106,2024-01-05,461267,12,Jakarta,Default
TRX1075,T107,2024-01-05,406341,6,Surabaya,No-Default
TRX1085,T108,2024-01-05,490481,12,Bandung,Default
TRX1095,T109,2024-01-05,152065,6,Bandung,No-Default
TRX1105,T110,2024-01-05,139787,3,Surabaya,No-Default
TRX1115,T111,2024-01-05,419677,6,Jakarta,No-Default
TRX1125,T112,2024-01-05,262359,6,Jakarta,No-Default
TRX1135,T113,2024-01-05,26285,3,Surabaya,No-Default
TRX1145,T114,2024-01-05,496920,12,Bogor,No-Default
TRX1155,T115,2024-01-05,278405,3,Bogor,No-Default
TRX1165,T116,2024-01-05,327947,3,Jakarta,No-Default
TRX1175,T117,2024-01-05,288153,12,Surabaya,No-Default
TRX1185,T118,2024-01-05,113765,3,Bandung,No-Default
TRX1195,T119,2024-01-05,401682,12,Bogor,No-Default
TRX1205,T120,2024-01-05,425684,6,Bogor,Default
TRX1215,T121,2024-01-05,88308,3,Surabaya,No-Default
TRX1225,T122,2024-01-05,414599,3,Jakarta,No-Default
TRX1235,T123,2024-01-05,56409,6,Bogor,Default
TRX1245,T124,2024-01-05,479244,6,Bandung,Default
TRX1255,T125,2024-01-05,422072,12,Surabaya,No-Default
TRX1265,T126,2024-01-05,108233,6,Cikarang,No-Default
TRX1275,T127,2024-01-05,323588,6,Cikarang,No-Default
TRX1285,T128,2024-01-05,304406,6,Surabaya,No-Default
TRX1295,T129,2024-01-05,326898,3,Bogor,Default
TRX1305,T130,2024-01-05,281026,12,Surabaya,Default
TRX1315,T131,2024-01-05,358387,3,Surabaya,Default
TRX1325,T132,2024-01-05,211080,6,Cikarang,No-Default
TRX1335,T133,2024-01-05,106983,6,Bandung,No-Default
TRX1345,T134,2024-01-05,134337,3,Bandung,Default
TRX1355,T135,2024-01-05,388503,6,Jakarta,Default
TRX1365,T136,2024-01-05,56563,3,Jakarta,No-Default
TRX1375,T137,2024-01-05,328907,3,Surabaya,No-Default
TRX1385,T138,2024-01-05,481670,3,Cikarang,Default
TRX1395,T139,2024-01-05,474342,12,Cikarang,No-Default
TRX1405,T140,2024-01-05,390665,12,Bandung,Default
TRX1415,T141,2024-01-05,234416,12,Bandung,No-Default
TRX1425,T142,2024-01-05,243508,6,Jakarta,No-Default
TRX1435,T143,2024-01-05,220912,6,Cikarang,Default
TRX1445,T144,2024-01-05,492140,6,Bogor,Default
TRX1455,T145,2024-01-05,342212,12,Bandung,Default
TRX1465,T146,2024-01-05,309032,3,Bogor,No-Default
TRX1475,T147,2024-01-05,102577,6,Bogor,Default
TRX1485,T148,2024-01-05,331087,6,Jakarta,Default
TRX1495,T149,2024-01-05,452031,3,Bandung,Default
TRX1505,T150,2024-01-05,354414,3,Surabaya,No-Default
TRX1515,T151,2024-01-05,494137,3,Surabaya,No-Default
TRX1525,T152,2024-01-05,160953,12,Bogor,Default
TRX1535,T153,2024-01-05,319582,12,Jakarta,Default
TRX1545,T154,2024-01-05,373791,12,Jakarta,No-Default
TRX1555,T155,2024-01-05,463033,6,Bandung,Default
TRX1565,T156,2024-01-05,133656,6,Cikarang,No-Default
TRX1575,T157,2024-01-05,33479,12,Surabaya,Default
TRX1585,T158,2024-01-05,157647,6,Bandung,Default
TRX1595,T159,2024-01-05,341487,3,Jakarta,No-Default
TRX1605,T160,2024-01-05,218561,12,Bandung,No-Default
TRX1615,T161,2024-01-05,189642,6,Jakarta,No-Default
TRX1625,T162,2024-01-05,398297,12,Bandung,No-Default
TRX1635,T163,2024-01-05,29373,3,Bandung,Default
TRX1645,T164,2024-01-05,209442,6,Cikarang,No-Default
TRX1655,T165,2024-01-05,28099,3,Bogor,Default
TRX1665,T166,2024-01-05,62729,12,Surabaya,No-Default
TRX1675,T167,2024-01-05,139498,3,Bandung,No-Default
TRX1685,T168,2024-01-05,482936,6,Bogor,No-Default
TRX1695,T169,2024-01-05,395816,6,Bandung,No-Default
TRX1705,T170,2024-01-05,481762,12,Bandung,No-Default
TRX1715,T171,2024-01-05,271717,12,Bogor,No-Default
TRX1725,T172,2024-01-05,340953,6,Jakarta,No-Default
TRX1735,T173,2024-01-05,80937,3,Surabaya,No-Default
TRX1745,T174,2024-01-05,288763,12,Surabaya,Default
TRX1755,T175,2024-01-05,409096,6,Bandung,Default
TRX1765,T176,2024-01-05,125836,6,Bogor,No-Default
TRX1775,T177,2024-01-05,82527,6,Bandung,Default
TRX1785,T178,2024-01-05,345151,12,Bandung,Default
TRX1795,T179,2024-01-05,229546,6,Bogor,No-Default
TRX1805,T180,2024-01-05,48310,3,Bogor,No-Default
TRX1815,T181,2024-01-05,93506,3,Bogor,Default
TRX1825,T182,2024-01-05,447413,12,Surabaya,Default
TRX1835,T183,2024-01-05,433279,3,Bandung,Default
TRX1845,T184,2024-01-05,267368,3,Bogor,No-Default
TRX1855,T185,2024-01-05,482008,6,Bandung,No-Default
TRX1865,T186,2024-01-05,453463,3,Bandung,Default
TRX1875,T187,2024-01-05,65733,12,Bogor,Default
TRX1885,T188,2024-01-05,371485,6,Cikarang,No-Default
TRX1895,T189,2024-01-05,39246,3,Cikarang,Default
TRX1905,T190,2024-01-05,202022,12,Jakarta,No-Default
TRX1915,T191,2024-01-05,70451,6,Bandung,Default
TRX1925,T192,2024-01-05,125179,6,Cikarang,No-Default
TRX1935,T193,2024-01-05,272002,12,Bandung,Default
TRX1945,T194,2024-01-05,415970,12,Cikarang,Default
TRX1955,T195,2024-01-05,313869,6,Bogor,No-Default
TRX1965,T196,2024-01-05,433750,12,Bogor,No-Default
TRX1975,T197,2024-01-05,432071,12,Bogor,Default
TRX1985,T198,2024-01-05,428229,6,Surabaya,No-Default
TRX1995,T199,2024-01-05,130825,12,Bandung,Default
TRX2005,T200,2024-01-05,255545,6,Cikarang,Default
TRX2015,T201,2024-01-05,268789,12,Bandung,Default
TRX2025,T202,2024-01-05,61432,6,Cikarang,No-Default
TRX2035,T203,2024-01-05,465665,12,Cikarang,Default
TRX2045,T204,2024-01-05,264752,6,Jakarta,Default
TRX2055,T205,2024-01-05,334642,3,Bogor,No-Default
TRX2065,T206,2024-01-05,368888,6,Jakarta,Default
TRX2075,T207,2024-01-05,215326,12,Bandung,No-Default
TRX2085,T208,2024-01-05,211120,6,Surabaya,No-Default
TRX2095,T209,2024-01-05,137927,6,Bandung,No-Default
TRX2105,T210,2024-01-05,331291,12,Jakarta,Default
TRX2115,T211,2024-01-05,69653,12,Jakarta,Default
TRX2125,T212,2024-01-05,336372,12,Cikarang,No-Default
TRX2135,T213,2024-01-05,447194,6,Bogor,No-Default
TRX2145,T214,2024-01-05,317671,6,Surabaya,No-Default
TRX2155,T215,2024-01-05,430534,12,Bandung,No-Default
TRX2165,T216,2024-01-05,282826,3,Bandung,No-Default
TRX2175,T217,2024-01-05,75453,6,Bandung,Default
TRX2185,T218,2024-01-05,191783,12,Cikarang,No-Default
TRX2195,T219,2024-01-05,230892,3,Surabaya,Default
TRX2205,T220,2024-01-05,333062,6,Surabaya,Default
TRX2215,T221,2024-01-05,450478,12,Bogor,No-Default
TRX2225,T222,2024-01-05,299587,12,Bandung,No-Default
TRX2235,T223,2024-01-05,429769,3,Cikarang,No-Default
TRX2245,T224,2024-01-05,117004,12,Surabaya,No-Default
TRX2255,T225,2024-01-05,77388,3,Surabaya,Default
TRX2265,T226,2024-01-05,435446,3,Cikarang,No-Default
TRX2275,T227,2024-01-05,161226,6,Cikarang,No-Default
TRX2285,T228,2024-01-05,51560,12,Bandung,No-Default
TRX2295,T229,2024-01-05,278472,3,Bandung,No-Default
TRX2305,T230,2024-01-05,493935,3,Bandung,Default
TRX2315,T231,2024-01-05,415696,12,Bogor,No-Default
TRX2325,T232,2024-01-05,159164,3,Jakarta,No-Default
TRX2335,T233,2024-01-05,122520,6,Jakarta,No-Default
TRX2345,T234,2024-01-05,227555,12,Surabaya,No-Default
TRX2355,T235,2024-01-05,125343,6,Surabaya,No-Default
TRX2365,T236,2024-01-05,54315,12,Surabaya,Default
TRX2375,T237,2024-01-05,288040,6,Cikarang,Default
TRX2385,T238,2024-01-05,101159,3,Bogor,Default
TRX2395,T239,2024-01-05,400317,12,Cikarang,Default
TRX2405,T240,2024-01-05,312837,6,Bogor,No-Default
TRX2415,T241,2024-01-05,181121,6,Cikarang,No-Default
TRX2425,T242,2024-01-05,294598,12,Bogor,No-Default
TRX2435,T243,2024-01-05,165339,3,Bandung,Default
TRX2445,T244,2024-01-05,58368,12,Bandung,No-Default
TRX2455,T245,2024-01-05,470212,12,Cikarang,No-Default
TRX2465,T246,2024-01-05,295890,12,Surabaya,No-Default
TRX2475,T247,2024-01-05,58281,6,Cikarang,Default
TRX2485,T248,2024-01-05,215367,6,Cikarang,No-Default
TRX2495,T249,2024-01-05,377273,3,Jakarta,Default
TRX2505,T250,2024-01-05,80212,3,Bandung,Default
TRX2515,T251,2024-01-05,486834,12,Jakarta,No-Default
TRX2525,T252,2024-01-05,381859,6,Jakarta,No-Default
TRX2535,T253,2024-01-05,334460,3,Bandung,Default
TRX2545,T254,2024-01-05,322307,6,Surabaya,Default
TRX2555,T255,2024-01-05,338720,3,Jakarta,No-Default
TRX2565,T256,2024-01-05,131896,6,Bogor,No-Default
TRX2575,T257,2024-01-05,54380,12,Surabaya,Default
TRX2585,T258,2024-01-05,491469,12,Bandung,No-Default
TRX2595,T259,2024-01-05,111875,6,Jakarta,Default
TRX2605,T260,2024-01-05,369886,3,Bogor,No-Default
TRX2615,T261,2024-01-05,183933,3,Bandung,Default
TRX2625,T262,2024-01-05,157719,3,Cikarang,Default
TRX2635,T263,2024-01-05,295012,12,Bogor,No-Default
TRX2645,T264,2024-01-05,292714,3,Cikarang,No-Default
TRX2655,T265,2024-01-05,37309,12,Cikarang,Default
TRX2665,T266,2024-01-05,106720,6,Cikarang,No-Default
TRX2675,T267,2024-01-05,300474,6,Cikarang,No-Default
TRX2685,T268,2024-01-05,309027,6,Bogor,Default
TRX2695,T269,2024-01-05,375069,6,Surabaya,Default
TRX2705,T270,2024-01-05,215152,6,Bandung,No-Default
TRX2715,T271,2024-01-05,229166,6,Cikarang,No-Default
TRX2725,T272,2024-01-05,306619,3,Surabaya,Default
TRX2735,T273,2024-01-05,452566,12,Bogor,No-Default
TRX2745,T274,2024-01-05,142731,6,Cikarang,No-Default
TRX2755,T275,2024-01-05,422685,12,Surabaya,Default
TRX2765,T276,2024-01-05,124839,6,Bandung,Default
TRX2775,T277,2024-01-05,208364,12,Jakarta,Default
TRX2785,T278,2024-01-05,482932,12,Surabaya,Default
TRX2795,T279,2024-01-05,44617,6,Cikarang,Default
TRX2805,T280,2024-01-05,349913,3,Bandung,Default
TRX2815,T281,2024-01-05,185975,12,Surabaya,No-Default
TRX2825,T282,2024-01-05,16208,3,Bandung,No-Default
TRX2835,T283,2024-01-05,403938,6,Bandung,Default
TRX2845,T284,2024-01-05,405116,12,Surabaya,Default
TRX2855,T285,2024-01-05,174289,3,Surabaya,Default
TRX2865,T286,2024-01-05,393296,12,Jakarta,No-Default
TRX2875,T287,2024-01-05,41804,12,Bandung,Default
TRX2885,T288,2024-01-05,242252,6,Jakarta,Default
TRX2895,T289,2024-01-05,149374,6,Surabaya,Default
TRX2905,T290,2024-01-05,364384,3,Bandung,No-Default
TRX2915,T291,2024-01-05,226471,6,Cikarang,Default
TRX2925,T292,2024-01-05,378828,6,Cikarang,No-Default
TRX2935,T293,2024-01-05,70122,6,Jakarta,Default
TRX2945,T294,2024-01-05,305203,3,Bogor,No-Default
TRX2955,T295,2024-01-05,388155,12,Bandung,Default
TRX2965,T296,2024-01-05,483344,3,Surabaya,Default
TRX2975,T297,2024-01-05,142788,12,Jakarta,Default
TRX2985,T298,2024-01-05,368706,3,Jakarta,Default
TRX2995,T299,2024-01-05,117627,3,Bandung,Default
TRX3005,T300,2024-01-05,233973,12,Bogor,Default
TRX3015,T301,2024-01-05,490894,3,Bandung,Default
TRX3025,T302,2024-01-05,265123,12,Jakarta,Default
TRX3035,T303,2024-01-05,190477,6,Surabaya,No-Default
TRX3045,T304,2024-01-05,482359,12,Surabaya,No-Default
TRX3055,T305,2024-01-05,145804,6,Surabaya,Default
TRX3065,T306,2024-01-05,216165,6,Bandung,Default
TRX3075,T307,2024-01-05,118493,3,Bandung,Default
TRX3085,T308,2024-01-05,376700,3,Bandung,Default
TRX3095,T309,2024-01-05,457194,6,Jakarta,No-Default
TRX3105,T310,2024-01-05,10220,3,Jakarta,Default
TRX3115,T311,2024-01-05,353686,12,Bogor,Default
TRX3125,T312,2024-01-05,50339,12,Jakarta,No-Default
TRX3135,T313,2024-01-05,130375,3,Cikarang,No-Default
TRX3145,T314,2024-01-05,423326,12,Jakarta,No-Default
TRX3155,T315,2024-01-05,205182,6,Surabaya,Default
TRX3165,T316,2024-01-05,178902,6,Bandung,Default
TRX3175,T317,2024-01-05,238205,3,Bandung,Default
TRX3185,T318,2024-01-05,124666,6,Jakarta,No-Default
TRX3195,T319,2024-01-05,91573,12,Surabaya,No-Default
TRX3205,T320,2024-01-05,108848,6,Jakarta,Default
TRX3215,T321,2024-01-05,261961,12,Bogor,Default
TRX3225,T322,2024-01-05,102890,6,Bandung,No-Default
TRX3235,T323,2024-01-05,303311,6,Bandung,No-Default
TRX3245,T324,2024-01-05,287881,6,Cikarang,Default
TRX3255,T325,2024-01-05,192600,3,Bandung,No-Default
TRX3265,T326,2024-01-05,369910,3,Cikarang,No-Default
TRX3275,T327,2024-01-05,102063,6,Cikarang,No-Default
TRX3285,T328,2024-01-05,219934,3,Surabaya,No-Default
TRX3295,T329,2024-01-05,60947,3,Surabaya,Default
TRX3305,T330,2024-01-05,234758,12,Surabaya,Default
TRX3315,T331,2024-01-05,484447,12,Jakarta,No-Default
TRX3325,T332,2024-01-05,420092,3,Bogor,No-Default
TRX3335,T333,2024-01-05,134050,6,Bogor,Default
TRX3345,T334,2024-01-05,123368,6,Cikarang,No-Default
TRX3355,T335,2024-01-05,416973,3,Cikarang,No-Default
TRX3365,T336,2024-01-05,44148,12,Jakarta,Default
TRX3375,T337,2024-01-05,364172,3,Bandung,Default
TRX3385,T338,2024-01-05,461072,12,Bogor,Default
TRX3395,T339,2024-01-05,277865,3,Bandung,Default
TRX3405,T340,2024-01-05,340561,6,Bandung,Default
TRX3415,T341,2024-01-05,206060,12,Bogor,No-Default
TRX3425,T342,2024-01-05,334745,6,Bandung,Default
TRX3435,T343,2024-01-05,155860,3,Jakarta,No-Default
TRX3445,T344,2024-01-05,45209,6,Cikarang,No-Default
TRX3455,T345,2024-01-05,435662,3,Surabaya,No-Default
TRX3465,T346,2024-01-05,309484,6,Bandung,No-Default
TRX3475,T347,2024-01-05,235919,3,Bogor,No-Default
TRX3485,T348,2024-01-05,174383,3,Surabaya,Default
TRX3495,T349,2024-01-05,385650,6,Cikarang,No-Default
TRX3505,T350,2024-01-05,390807,6,Cikarang,No-Default
TRX3515,T351,2024-01-05,109646,6,Jakarta,No-Default
TRX3525,T352,2024-01-05,49927,12,Bandung,No-Default
TRX3535,T353,2024-01-05,272641,12,Cikarang,No-Default
TRX3545,T354,2024-01-05,255160,3,Surabaya,No-Default
TRX3555,T355,2024-01-05,393776,12,Bandung,No-Default
TRX3565,T356,2024-01-05,94520,3,Jakarta,No-Default
TRX3575,T357,2024-01-05,167364,12,Bandung,Default
TRX3585,T358,2024-01-05,147251,12,Bogor,No-Default
TRX3595,T359,2024-01-05,12450,3,Bandung,No-Default
TRX3605,T360,2024-01-05,498102,6,Surabaya,No-Default
TRX3615,T361,2024-01-05,418880,12,Bandung,No-Default
TRX3625,T362,2024-01-05,16188,12,Bogor,No-Default
TRX3635,T363,2024-01-05,114028,6,Bandung,Default
TRX3645,T364,2024-01-05,243465,6,Cikarang,No-Default
TRX3655,T365,2024-01-05,130201,6,Cikarang,Default
TRX3665,T366,2024-01-05,268069,3,Surabaya,No-Default
TRX3675,T367,2024-01-05,50764,6,Cikarang,No-Default
TRX3685,T368,2024-01-05,355073,6,Cikarang,Default
TRX3695,T369,2024-01-05,273219,3,Bandung,Default
TRX3705,T370,2024-01-05,471649,6,Bogor,No-Default
TRX3715,T371,2024-01-05,382878,12,Surabaya,No-Default
TRX3725,T372,2024-01-05,411063,3,Cikarang,No-Default
TRX3735,T373,2024-01-05,69039,3,Surabaya,Default
TRX3745,T374,2024-01-05,187125,12,Surabaya,No-Default
TRX3755,T375,2024-01-05,201294,6,Bandung,No-Default
TRX3765,T376,2024-01-05,110877,3,Bandung,Default
TRX3775,T377,2024-01-05,111637,12,Jakarta,Default
TRX3785,T378,2024-01-05,445271,3,Jakarta,Default
TRX3795,T379,2024-01-05,209130,6,Bogor,No-Default
TRX3805,T380,2024-01-05,106389,12,Cikarang,Default
TRX3815,T381,2024-01-05,424556,3,Bogor,Default
TRX3825,T382,2024-01-05,84217,12,Bandung,Default
TRX3835,T383,2024-01-05,98713,6,Jakarta,No-Default
TRX3845,T384,2024-01-05,405032,3,Bogor,Default
TRX3855,T385,2024-01-05,384854,3,Cikarang,No-Default
TRX3865,T386,2024-01-05,193879,3,Cikarang,Default
TRX3875,T387,2024-01-05,51511,12,Surabaya,Default
TRX3885,T388,2024-01-05,119287,6,Jakarta,No-Default
TRX3895,T389,2024-01-05,185393,12,Jakarta,No-Default
TRX3905,T390,2024-01-05,18467,3,Bogor,No-Default
TRX3915,T391,2024-01-05,490508,6,Cikarang,No-Default
TRX3925,T392,2024-01-05,65430,3,Bandung,Default
TRX3935,T393,2024-01-05,248329,3,Bogor,Default
TRX3945,T394,2024-01-05,193450,12,Bandung,Default
TRX3955,T395,2024-01-05,245324,6,Cikarang,Default
TRX3965,T396,2024-01-05,398445,3,Cikarang,No-Default
TRX3975,T397,2024-01-05,197626,12,Jakarta,Default
TRX3985,T398,2024-01-05,147691,3,Bogor,Default
TRX3995,T399,2024-01-05,243126,3,Cikarang,No-Default
TRX4005,T400,2024-01-05,124441,12,Jakarta,Default
TRX4015,T401,2024-01-05,297577,12,Cikarang,No-Default
TRX4025,T402,2024-01-05,143889,6,Bandung,Default
TRX4035,T403,2024-01-05,369997,12,Cikarang,No-Default
TRX4045,T404,2024-01-05,316676,6,Surabaya,No-Default
TRX4055,T405,2024-01-05,120391,12,Jakarta,Default
TRX4065,T406,2024-01-05,12651,6,Bogor,No-Default
TRX4075,T407,2024-01-05,315427,3,Bandung,Default
TRX4085,T408,2024-01-05,27410,3,Bandung,No-Default
TRX4095,T409,2024-01-05,197893,6,Jakarta,Default
TRX4105,T410,2024-01-05,134387,12,Cikarang,Default
TRX4115,T411,2024-01-05,249680,3,Surabaya,No-Default
TRX4125,T412,2024-01-05,389344,6,Cikarang,Default
TRX4135,T413,2024-01-05,461604,6,Bogor,Default
TRX4145,T414,2024-01-05,75897,12,Cikarang,No-Default
TRX4155,T415,2024-01-05,42815,12,Bandung,Default
TRX4165,T416,2024-01-05,364834,3,Cikarang,Default
TRX4175,T417,2024-01-05,74877,6,Cikarang,No-Default
TRX4185,T418,2024-01-05,264296,6,Cikarang,No-Default
TRX4195,T419,2024-01-05,132733,3,Bandung,No-Default
TRX4205,T420,2024-01-05,186840,6,Surabaya,No-Default
TRX4215,T421,2024-01-05,190349,6,Bandung,Default
TRX4225,T422,2024-01-05,410547,3,Cikarang,No-Default
TRX4235,T423,2024-01-05,322553,12,Jakarta,Default
TRX4245,T424,2024-01-05,340526,6,Cikarang,No-Default
TRX4255,T425,2024-01-05,299317,6,Bandung,No-Default
TRX4265,T426,2024-01-05,128376,12,Jakarta,Default
TRX4275,T427,2024-01-05,443223,3,Bogor,No-Default
TRX4285,T428,2024-01-05,92512,3,Cikarang,Default
TRX4295,T429,2024-01-05,375554,12,Jakarta,No-Default
TRX4305,T430,2024-01-05,392075,6,Cikarang,No-Default
TRX4315,T431,2024-01-05,279707,6,Surabaya,Default
TRX4325,T432,2024-01-05,225413,12,Jakarta,No-Default
TRX4335,T433,2024-01-05,213603,12,Bogor,Default
TRX4345,T434,2024-01-05,66647,3,Cikarang,Default
TRX4355,T435,2024-01-05,72819,3,Bogor,No-Default
TRX4365,T436,2024-01-05,491996,6,Bandung,No-Default
TRX4375,T437,2024-01-05,496352,12,Bogor,No-Default
TRX4385,T438,2024-01-05,413787,12,Surabaya,No-Default
TRX4395,T439,2024-01-05,242222,3,Jakarta,Default
TRX4405,T440,2024-01-05,430103,12,Bandung,Default
TRX4415,T441,2024-01-05,310362,6,Jakarta,Default
TRX4425,T442,2024-01-05,270632,6,Surabaya,No-Default
TRX4435,T443,2024-01-05,409296,12,Jakarta,Default
TRX4445,T444,2024-01-05,187695,6,Bogor,Default
TRX4455,T445,2024-01-05,283413,12,Bandung,No-Default
TRX4465,T446,2024-01-05,126700,6,Surabaya,Default
TRX4475,T447,2024-01-05,204882,3,Jakarta,No-Default
TRX4485,T448,2024-01-05,107686,3,Surabaya,No-Default
TRX4495,T449,2024-01-05,197202,12,Cikarang,No-Default
TRX4505,T450,2024-01-05,192816,6,Cikarang,Default
TRX4515,T451,2024-01-05,109789,3,Bogor,No-Default
TRX4525,T452,2024-01-05,304959,12,Bogor,Default
TRX4535,T453,2024-01-05,446574,6,Bandung,No-Default
TRX4545,T454,2024-01-05,159290,6,Cikarang,No-Default
TRX4555,T455,2024-01-05,176765,12,Surabaya,No-Default
TRX4565,T456,2024-01-05,301446,12,Cikarang,No-Default
TRX4575,T457,2024-01-05,74498,6,Bogor,Default
TRX4585,T458,2024-01-05,164459,6,Bandung,Default
TRX4595,T459,2024-01-05,44506,12,Bogor,No-Default
TRX4605,T460,2024-01-05,133885,12,Surabaya,Default
TRX4615,T461,2024-01-05,219367,12,Bandung,Default
TRX4625,T462,2024-01-05,292048,12,Jakarta,No-Default
TRX4635,T463,2024-01-05,252444,3,Cikarang,Default
TRX4645,T464,2024-01-05,56801,3,Bogor,Default
TRX4655,T465,2024-01-05,95359,6,Cikarang,Default
TRX4665,T466,2024-01-05,327734,3,Bandung,Default
TRX4675,T467,2024-01-05,189487,6,Jakarta,No-Default
TRX4685,T468,2024-01-05,484349,3,Surabaya,Default
TRX4695,T469,2024-01-05,487567,3,Bandung,Default
TRX4705,T470,2024-01-05,221131,3,Jakarta,Default
TRX4715,T471,2024-01-05,234440,3,Surabaya,No-Default
TRX4725,T472,2024-01-05,128605,3,Jakarta,No-Default
TRX4735,T473,2024-01-05,442674,12,Cikarang,Default
TRX4745,T474,2024-01-05,214201,6,Bogor,No-Default
TRX4755,T475,2024-01-05,457471,6,Bogor,No-Default
TRX4765,T476,2024-01-05,39899,3,Bandung,No-Default
TRX4775,T477,2024-01-05,42495,3,Jakarta,Default
TRX4785,T478,2024-01-05,195819,6,Surabaya,Default
TRX4795,T479,2024-01-05,37441,6,Surabaya,Default
TRX4805,T480,2024-01-05,167032,6,Bandung,No-Default
TRX4815,T481,2024-01-05,453616,6,Bandung,Default
TRX4825,T482,2024-01-05,148071,6,Jakarta,No-Default
TRX4835,T483,2024-01-05,81754,6,Cikarang,No-Default
TRX4845,T484,2024-01-05,77165,3,Jakarta,Default
TRX4855,T485,2024-01-05,324911,6,Bandung,Default
TRX4865,T486,2024-01-05,317275,3,Bogor,No-Default
TRX4875,T487,2024-01-05,184924,12,Cikarang,No-Default
TRX4885,T488,2024-01-05,439525,12,Cikarang,Default
TRX4895,T489,2024-01-05,384590,12,Jakarta,Default
TRX4905,T490,2024-01-05,132944,6,Bandung,No-Default
TRX4915,T491,2024-01-05,425632,6,Jakarta,Default
TRX4925,T492,2024-01-05,200034,3,Bandung,Default
TRX4935,T493,2024-01-05,254892,6,Cikarang,No-Default
TRX4945,T494,2024-01-05,333566,3,Surabaya,No-Default
TRX4955,T495,2024-01-05,273312,6,Bogor,No-Default
TRX4965,T496,2024-01-05,37414,6,Bandung,No-Default
TRX4975,T497,2024-01-05,155237,3,Jakarta,Default
TRX4985,T498,2024-01-05,212803,6,Cikarang,No-Default
TRX4995,T499,2024-01-05,326421,12,Surabaya,No-Default
TRX5005,T500,2024-01-05,239112,12,Jakarta,Default
TRX5015,T501,2024-01-05,229214,3,Bandung,Default
TRX5025,T502,2024-01-05,470665,12,Bandung,No-Default
TRX5035,T503,2024-01-05,305282,3,Bandung,Default
TRX5045,T504,2024-01-05,175112,6,Bogor,No-Default
TRX5055,T505,2024-01-05,33557,6,Surabaya,Default
TRX5065,T506,2024-01-05,416552,12,Surabaya,No-Default
TRX5075,T507,2024-01-05,478413,3,Cikarang,Default
TRX5085,T508,2024-01-05,379702,12,Surabaya,Default
TRX5095,T509,2024-01-05,64134,3,Jakarta,Default
TRX5105,T510,2024-01-05,171971,6,Bandung,No-Default
TRX5115,T511,2024-01-05,172169,6,Jakarta,No-Default
TRX5125,T512,2024-01-05,114652,6,Surabaya,Default
TRX5135,T513,2024-01-05,417671,6,Jakarta,No-Default
TRX5145,T514,2024-01-05,52636,12,Surabaya,No-Default
TRX5155,T515,2024-01-05,49253,6,Cikarang,Default
TRX5165,T516,2024-01-05,181910,3,Bandung,No-Default
TRX5175,T517,2024-01-05,297052,3,Bandung,No-Default
TRX5185,T518,2024-01-05,155138,12,Jakarta,Default
TRX5195,T519,2024-01-05,232226,3,Jakarta,Default
TRX5205,T520,2024-01-05,485244,6,Bogor,Default
TRX5215,T521,2024-01-05,14328,3,Cikarang,Default
TRX5225,T522,2024-01-05,11133,12,Bandung,Default
TRX5235,T523,2024-01-05,17022,3,Surabaya,No-Default
TRX5245,T524,2024-01-05,469277,3,Cikarang,Default
TRX5255,T525,2024-01-05,24226,3,Bandung,No-Default
TRX5265,T526,2024-01-05,136599,6,Surabaya,Default
TRX5275,T527,2024-01-05,279234,6,Surabaya,Default
TRX5285,T528,2024-01-05,298933,12,Bogor,Default
TRX5295,T529,2024-01-05,11193,12,Bogor,Default
TRX5305,T530,2024-01-05,388429,12,Jakarta,Default
TRX5315,T531,2024-01-05,355724,12,Bandung,No-Default
TRX5325,T532,2024-01-05,295376,12,Cikarang,Default
TRX5335,T533,2024-01-05,368905,12,Bandung,Default
TRX5345,T534,2024-01-05,168062,3,Surabaya,No-Default
TRX5355,T535,2024-01-05,389111,3,Surabaya,No-Default
TRX5365,T536,2024-01-05,308505,6,Bandung,Default
TRX5375,T537,2024-01-05,445728,6,Bogor,Default
TRX5385,T538,2024-01-05,297165,12,Bogor,No-Default
TRX5395,T539,2024-01-05,243512,12,Surabaya,No-Default
TRX5405,T540,2024-01-05,149882,3,Bandung,Default
TRX5415,T541,2024-01-05,24293,6,Jakarta,No-Default
TRX5425,T542,2024-01-05,31558,3,Surabaya,No-Default
TRX5435,T543,2024-01-05,117631,12,Bandung,No-Default
TRX5445,T544,2024-01-05,475575,6,Jakarta,No-Default
TRX5455,T545,2024-01-05,36466,6,Surabaya,No-Default
TRX5465,T546,2024-01-05,195098,6,Bogor,Default
TRX5475,T547,2024-01-05,387985,6,Bandung,No-Default
TRX5485,T548,2024-01-05,26136,6,Bogor,No-Default
TRX5495,T549,2024-01-05,258216,12,Cikarang,No-Default
TRX5505,T550,2024-01-05,143753,6,Jakarta,Default
TRX5515,T551,2024-01-05,431386,6,Bandung,Default
TRX5525,T552,2024-01-05,339234,3,Jakarta,Default
TRX5535,T553,2024-01-05,94755,6,Jakarta,No-Default
TRX5545,T554,2024-01-05,111656,3,Surabaya,No-Default
TRX5555,T555,2024-01-05,165004,12,Surabaya,No-Default
TRX5565,T556,2024-01-05,449555,3,Bogor,No-Default
TRX5575,T557,2024-01-05,432530,6,Cikarang,Default
TRX5585,T558,2024-01-05,18663,3,Surabaya,Default
TRX5595,T559,2024-01-05,196704,3,Bogor,Default
TRX5605,T560,2024-01-05,382706,12,Bogor,No-Default
TRX5615,T561,2024-01-05,434660,12,Surabaya,Default
TRX5625,T562,2024-01-05,14812,6,Jakarta,No-Default
TRX5635,T563,2024-01-05,239822,3,Cikarang,No-Default
TRX5645,T564,2024-01-05,108951,12,Jakarta,No-Default
TRX5655,T565,2024-01-05,377363,12,Bandung,No-Default
TRX5665,T566,2024-01-05,141885,12,Jakarta,Default
TRX5675,T567,2024-01-05,321374,6,Bogor,No-Default
TRX5685,T568,2024-01-05,376845,3,Bogor,No-Default
TRX5695,T569,2024-01-05,199640,6,Cikarang,No-Default
TRX5705,T570,2024-01-05,280696,12,Jakarta,No-Default
TRX5715,T571,2024-01-05,83694,6,Bogor,No-Default
TRX5725,T572,2024-01-05,18600,12,Jakarta,Default
TRX5735,T573,2024-01-05,200253,6,Bandung,Default
TRX5745,T574,2024-01-05,478997,6,Cikarang,No-Default
TRX5755,T575,2024-01-05,109945,12,Surabaya,No-Default
TRX5765,T576,2024-01-05,176170,3,Cikarang,No-Default
TRX5775,T577,2024-01-05,344185,3,Bogor,Default
TRX5785,T578,2024-01-05,124557,6,Bandung,Default
TRX5795,T579,2024-01-05,470216,12,Bandung,Default
TRX5805,T580,2024-01-05,116128,12,Cikarang,No-Default
TRX5815,T581,2024-01-05,39791,6,Surabaya,No-Default
TRX5825,T582,2024-01-05,324971,3,Bogor,Default
TRX5835,T583,2024-01-05,337691,6,Bogor,No-Default
TRX5845,T584,2024-01-05,362345,12,Bogor,No-Default
TRX5855,T585,2024-01-05,408801,3,Cikarang,No-Default
TRX5865,T586,2024-01-05,329625,6,Jakarta,No-Default
TRX5875,T587,2024-01-05,440748,3,Bandung,Default
TRX5885,T588,2024-01-05,289544,3,Bogor,No-Default
TRX5895,T589,2024-01-05,443945,6,Jakarta,No-Default
TRX5905,T590,2024-01-05,496015,3,Surabaya,No-Default
TRX5915,T591,2024-01-05,194811,6,Jakarta,Default
TRX5925,T592,2024-01-05,299212,3,Bandung,Default
TRX5935,T593,2024-01-05,50808,12,Surabaya,Default
TRX5945,T594,2024-01-05,205647,6,Bandung,Default
TRX5955,T595,2024-01-05,467102,12,Cikarang,Default
TRX5965,T596,2024-01-05,430888,6,Surabaya,No-Default
TRX5975,T597,2024-01-05,257132,3,Cikarang,Default
TRX5985,T598,2024-01-05,247982,12,Jakarta,Default
TRX5995,T599,2024-01-05,322984,6,Jakarta,No-Default
TRX6005,T600,2024-01-05,279936,12,Surabaya,Default
TRX6015,T601,2024-01-05,380514,6,Bogor,Default
TRX6025,T602,2024-01-05,211455,12,Surabaya,No-Default
TRX6035,T603,2024-01-05,283611,12,Bandung,No-Default
TRX6045,T604,2024-01-05,459460,12,Surabaya,Default
TRX6055,T605,2024-01-05,34986,6,Cikarang,Default
TRX6065,T606,2024-01-05,188971,3,Jakarta,Default
TRX6075,T607,2024-01-05,44984,3,Surabaya,No-Default
TRX6085,T608,2024-01-05,81375,3,Bandung,Default
TRX6095,T609,2024-01-05,392481,3,Bogor,No-Default
TRX6105,T610,2024-01-05,330763,3,Jakarta,Default
TRX6115,T611,2024-01-05,401343,3,Surabaya,Default
TRX6125,T612,2024-01-05,421566,3,Bogor,Default
TRX6135,T613,2024-01-05,420186,12,Cikarang,No-Default
TRX6145,T614,2024-01-05,297264,12,Cikarang,Default
TRX6155,T615,2024-01-05,117591,12,Surabaya,Default
TRX6165,T616,2024-01-05,365816,12,Bogor,No-Default
TRX6175,T617,2024-01-05,405661,6,Surabaya,No-Default
TRX6185,T618,2024-01-05,134480,6,Bogor,Default
TRX6195,T619,2024-01-05,305477,12,Surabaya,Default
TRX6205,T620,2024-01-05,326668,6,Cikarang,No-Default
TRX6215,T621,2024-01-05,49929,6,Surabaya,No-Default
TRX6225,T622,2024-01-05,192586,6,Jakarta,No-Default
TRX6235,T623,2024-01-05,417137,6,Bogor,No-Default
TRX6245,T624,2024-01-05,399775,12,Surabaya,Default
TRX6255,T625,2024-01-05,48260,3,Bandung,Default
TRX6265,T626,2024-01-05,283637,6,Bandung,No-Default
TRX6275,T627,2024-01-05,124947,3,Jakarta,No-Default
TRX6285,T628,2024-01-05,355575,3,Cikarang,Default
TRX6295,T629,2024-01-05,364242,6,Cikarang,No-Default
TRX6305,T630,2024-01-05,191200,3,Bandung,No-Default
TRX6315,T631,2024-01-05,172421,6,Bandung,Default
TRX6325,T632,2024-01-05,252527,6,Cikarang,Default
TRX6335,T633,2024-01-05,263301,3,Cikarang,No-Default
TRX6345,T634,2024-01-05,47330,12,Bogor,No-Default
TRX6355,T635,2024-01-05,80626,12,Jakarta,Default
TRX6365,T636,2024-01-05,326479,6,Jakarta,No-Default
TRX6375,T637,2024-01-05,263249,6,Jakarta,No-Default
TRX6385,T638,2024-01-05,50209,3,Cikarang,No-Default
TRX6395,T639,2024-01-05,80341,6,Cikarang,Default
TRX6405,T640,2024-01-05,192706,12,Jakarta,No-Default
TRX6415,T641,2024-01-05,144997,6,Jakarta,Default
TRX6425,T642,2024-01-05,56036,12,Bandung,No-Default
TRX6435,T643,2024-01-05,40500,12,Bogor,Default
TRX6445,T644,2024-01-05,263597,12,Cikarang,Default
TRX6455,T645,2024-01-05,189079,3,Bandung,No-Default
TRX6465,T646,2024-01-05,323205,3,Cikarang,Default
TRX6475,T647,2024-01-05,387762,12,Jakarta,No-Default
TRX6485,T648,2024-01-05,361854,6,Jakarta,Default
TRX6495,T649,2024-01-05,431553,6,Surabaya,Default
TRX6505,T650,2024-01-05,158788,6,Surabaya,Default
TRX6515,T651,2024-01-05,15405,6,Jakarta,No-Default
TRX6525,T652,2024-01-05,373929,6,Bogor,No-Default
TRX6535,T653,2024-01-05,404551,3,Bogor,No-Default
TRX6545,T654,2024-01-05,355894,3,Bandung,No-Default
TRX6555,T655,2024-01-05,442026,3,Bogor,No-Default
TRX6565,T656,2024-01-05,180897,12,Surabaya,No-Default
TRX6575,T657,2024-01-05,241599,12,Bandung,No-Default
TRX6585,T658,2024-01-05,200555,6,Bandung,Default
TRX6595,T659,2024-01-05,305325,12,Cikarang,Default
TRX6605,T660,2024-01-05,488376,6,Bogor,No-Default
TRX6615,T661,2024-01-05,73437,12,Bandung,Default
TRX6625,T662,2024-01-05,30524,12,Cikarang,Default
TRX6635,T663,2024-01-05,421646,6,Bandung,Default
TRX6645,T664,2024-01-05,336919,6,Cikarang,Default
TRX6655,T665,2024-01-05,64251,3,Cikarang,Default
TRX6665,T666,2024-01-05,49178,12,Bandung,No-Default
TRX6675,T667,2024-01-05,132004,3,Bogor,Default
TRX6685,T668,2024-01-05,382533,6,Surabaya,No-Default
TRX6695,T669,2024-01-05,398844,12,Jakarta,No-Default
TRX6705,T670,2024-01-05,95551,12,Bogor,No-Default
TRX6715,T671,2024-01-05,151965,6,Bandung,Default
TRX6725,T672,2024-01-05,456217,12,Bandung,No-Default
TRX6735,T673,2024-01-05,260846,12,Bandung,No-Default
TRX6745,T674,2024-01-05,198744,12,Cikarang,Default
TRX6755,T675,2024-01-05,55475,12,Cikarang,No-Default
TRX6765,T676,2024-01-05,89140,3,Surabaya,No-Default
TRX6775,T677,2024-01-05,44537,6,Surabaya,No-Default
TRX6785,T678,2024-01-05,442782,6,Cikarang,Default
TRX6795,T679,2024-01-05,197774,12,Cikarang,No-Default
TRX6805,T680,2024-01-05,237805,6,Bandung,Default
TRX6815,T681,2024-01-05,385494,12,Surabaya,No-Default
TRX6825,T682,2024-01-05,494774,6,Surabaya,Default
TRX6835,T683,2024-01-05,402788,12,Surabaya,Default
TRX6845,T684,2024-01-05,430890,3,Bandung,Default
TRX6855,T685,2024-01-05,286907,6,Bandung,No-Default
TRX6865,T686,2024-01-05,17951,6,Jakarta,Default
TRX6875,T687,2024-01-05,429649,12,Jakarta,Default
TRX6885,T688,2024-01-05,111406,12,Bogor,No-Default
TRX6895,T689,2024-01-05,430630,6,Cikarang,Default
TRX6905,T690,2024-01-05,46428,6,Jakarta,Default
TRX6915,T691,2024-01-05,16453,3,Jakarta,No-Default
TRX6925,T692,2024-01-05,272671,6,Jakarta,No-Default
TRX6935,T693,2024-01-05,312992,6,Surabaya,No-Default
TRX6945,T694,2024-01-05,251144,12,Bandung,Default
TRX6955,T695,2024-01-05,50495,12,Cikarang,No-Default
TRX6965,T696,2024-01-05,271727,6,Bandung,Default
TRX6975,T697,2024-01-05,287703,12,Cikarang,No-Default
TRX6985,T698,2024-01-05,28298,6,Surabaya,Default
TRX6995,T699,2024-01-05,382968,3,Bandung,No-Default
